SeqId,Heap3SortNComp,Heap3SortTns,AVLTreeSortNComp,AVLTreeSortTns,
seq_50_0,134,1733600,215,4307000,
seq_50_1,132,219600,217,245200,
seq_50_2,133,183900,219,226600,
seq_50_3,131,178100,220,217400,
seq_50_4,124,419400,219,206800,
seq_50_5,134,159400,219,211300,
seq_50_6,130,55700,209,123000,
seq_50_7,135,94400,221,256000,
seq_50_8,130,111600,219,136200,
seq_50_9,127,45100,222,73900,
seq_50_10,129,48700,215,76900,
seq_50_11,137,46100,223,102800,
seq_50_12,126,46400,216,73000,
seq_50_13,130,43900,213,73200,
seq_50_14,132,47600,213,87100,
seq_50_15,130,74300,209,120500,
seq_50_16,132,48400,218,96900,
seq_50_17,128,102000,209,80300,
seq_50_18,134,34500,211,52000,
seq_50_19,130,26100,220,51700,
seq_50_20,136,25400,214,81300,
seq_50_21,138,42000,208,60300,
seq_50_22,130,48200,221,101200,
seq_50_23,132,44100,224,98400,
seq_50_24,128,26200,223,60800,
seq_50_25,132,26200,210,76900,
seq_50_26,137,26000,214,63600,
seq_50_27,127,26800,218,38300,
seq_50_28,129,54800,214,72200,
seq_50_29,127,40600,225,73400,
seq_50_30,129,39600,224,61200,
seq_50_31,130,50300,218,87200,
seq_50_32,130,40000,222,79800,
seq_50_33,127,42800,217,66600,
seq_50_34,134,39300,220,36700,
seq_50_35,136,38600,216,37500,
seq_50_36,130,37500,217,32400,
seq_50_37,133,36300,220,32300,
seq_50_38,133,61400,222,36400,
seq_50_39,136,38200,213,49500,
seq_50_40,128,38200,217,36800,
seq_50_41,130,46700,220,46300,
seq_50_42,129,31500,227,49700,
seq_50_43,136,40400,221,40900,
seq_50_44,123,26000,211,24900,
seq_50_45,124,30100,220,52400,
seq_50_46,128,36700,224,24100,
seq_50_47,129,36300,222,40200,
seq_50_48,135,39900,215,38600,
seq_50_49,135,40100,218,26100,
seq_50_50,126,82000,211,33700,
seq_50_51,132,39700,226,39000,
seq_50_52,136,41000,224,41100,
seq_50_53,132,47400,221,69500,
seq_50_54,129,49300,216,42200,
seq_50_55,132,39300,221,29600,
seq_50_56,130,28600,221,39800,
seq_50_57,127,33300,222,26400,
seq_50_58,134,53500,218,30700,
seq_50_59,127,27200,217,28600,
seq_50_60,130,36900,228,28600,
seq_50_61,134,35500,208,38900,
seq_50_62,133,43300,225,64200,
seq_50_63,127,43200,219,35600,
seq_50_64,136,56700,221,40500,
seq_50_65,132,24000,217,46000,
seq_50_66,133,39300,215,27500,
seq_50_67,125,51600,227,38200,
seq_50_68,132,54000,219,51200,
seq_50_69,129,24100,220,21200,
seq_50_70,131,25200,219,19900,
seq_50_71,130,24100,218,33100,
seq_50_72,126,24700,216,21200,
seq_50_73,132,24500,215,18600,
seq_50_74,129,23800,225,26600,
seq_50_75,135,37800,219,32200,
seq_50_76,126,39800,228,29700,
seq_50_77,127,40100,218,32700,
seq_50_78,128,35500,211,25500,
seq_50_79,137,25700,208,18200,
seq_50_80,131,40100,222,107200,
seq_50_81,129,30300,217,65800,
seq_50_82,137,25700,214,19000,
seq_50_83,121,23600,222,19700,
seq_50_84,129,24800,224,18300,
seq_50_85,136,26300,224,35500,
seq_50_86,137,24800,219,18200,
seq_50_87,126,23900,217,17400,
seq_50_88,128,23400,215,16200,
seq_50_89,128,24400,220,17600,
seq_50_90,132,27600,220,18500,
seq_50_91,132,25500,219,18400,
seq_50_92,128,23500,217,130400,
seq_50_93,133,33400,215,33500,
seq_50_94,135,24900,220,16300,
seq_50_95,135,481800,221,61500,
seq_50_96,126,46900,212,32300,
seq_50_97,125,59400,218,43600,
seq_50_98,131,25100,215,35500,
seq_50_99,120,24300,221,16000,
seq_100_0,313,100100,534,100500,
seq_100_1,318,54600,526,166800,
seq_100_2,323,88200,530,120500,
seq_100_3,318,58100,529,44500,
seq_100_4,312,61000,532,36900,
seq_100_5,310,55200,526,32300,
seq_100_6,334,80700,518,30100,
seq_100_7,316,14400,531,33900,
seq_100_8,319,27100,532,18800,
seq_100_9,326,13800,540,17900,
seq_100_10,317,16700,537,23700,
seq_100_11,318,14200,537,20200,
seq_100_12,320,13900,523,17900,
seq_100_13,318,23100,542,34200,
seq_100_14,315,22900,549,36900,
seq_100_15,317,23400,531,37900,
seq_100_16,322,83500,528,69100,
seq_100_17,328,24000,530,40300,
seq_100_18,306,20400,534,30400,
seq_100_19,321,20300,524,26500,
seq_100_20,316,18800,539,27000,
seq_100_21,316,20300,523,29000,
seq_100_22,325,20000,530,30600,
seq_100_23,322,16100,531,42400,
seq_100_24,332,14900,537,20500,
seq_100_25,327,18900,535,73500,
seq_100_26,322,22200,536,41900,
seq_100_27,328,22800,514,58300,
seq_100_28,326,24600,533,71300,
seq_100_29,328,32500,529,61800,
seq_100_30,321,21300,537,45300,
seq_100_31,329,27200,526,45600,
seq_100_32,327,16300,523,29400,
seq_100_33,322,14500,546,35200,
seq_100_34,326,23800,527,31300,
seq_100_35,321,21300,539,37100,
seq_100_36,315,23400,539,33800,
seq_100_37,320,21300,540,31800,
seq_100_38,324,20300,518,28900,
seq_100_39,330,22200,534,34200,
seq_100_40,331,16400,525,33400,
seq_100_41,320,19100,541,33400,
seq_100_42,316,18200,530,26900,
seq_100_43,324,20600,543,30400,
seq_100_44,321,15400,514,20000,
seq_100_45,327,19100,524,29300,
seq_100_46,318,25900,538,61900,
seq_100_47,308,29300,543,41700,
seq_100_48,315,22100,545,40300,
seq_100_49,320,16600,529,42000,
seq_100_50,330,14800,528,20500,
seq_100_51,327,40200,529,36100,
seq_100_52,316,17300,546,30100,
seq_100_53,312,15500,538,22200,
seq_100_54,314,13900,537,19500,
seq_100_55,327,13900,542,18500,
seq_100_56,310,13700,530,28200,
seq_100_57,327,20400,530,28800,
seq_100_58,322,14500,537,22100,
seq_100_59,319,14300,534,20800,
seq_100_60,315,13200,541,18200,
seq_100_61,322,23200,527,34900,
seq_100_62,324,23100,536,32300,
seq_100_63,321,51200,531,40800,
seq_100_64,316,23000,528,28100,
seq_100_65,317,20900,532,52500,
seq_100_66,324,27800,531,38700,
seq_100_67,325,15400,535,24900,
seq_100_68,326,21600,514,28300,
seq_100_69,331,20400,542,30200,
seq_100_70,324,13900,538,17700,
seq_100_71,323,12900,539,17600,
seq_100_72,317,25300,537,37900,
seq_100_73,315,20600,537,32100,
seq_100_74,321,15200,541,22500,
seq_100_75,312,18700,531,33300,
seq_100_76,320,15000,533,21200,
seq_100_77,335,14400,534,19200,
seq_100_78,326,14000,536,18400,
seq_100_79,308,13400,540,30400,
seq_100_80,332,13900,530,19500,
seq_100_81,330,13300,524,17500,
seq_100_82,309,12700,532,24400,
seq_100_83,320,13300,532,18100,
seq_100_84,323,13600,527,16500,
seq_100_85,331,13100,526,18600,
seq_100_86,321,16900,541,22100,
seq_100_87,322,17800,526,19500,
seq_100_88,320,16300,530,20300,
seq_100_89,323,13200,545,18500,
seq_100_90,309,13200,521,19000,
seq_100_91,309,17900,528,24400,
seq_100_92,325,21000,531,29200,
seq_100_93,323,21400,525,29200,
seq_100_94,332,26100,525,35800,
seq_100_95,321,13800,535,19000,
seq_100_96,328,13700,530,18300,
seq_100_97,331,13700,527,20500,
seq_100_98,316,19400,540,46000,
seq_100_99,320,24300,546,37200,
seq_150_0,545,32800,880,59900,
seq_150_1,550,25500,873,45200,
seq_150_2,545,21300,887,40300,
seq_150_3,524,22100,886,26500,
seq_150_4,548,21600,885,33800,
seq_150_5,527,23800,877,30900,
seq_150_6,532,21200,866,37200,
seq_150_7,544,27100,878,31100,
seq_150_8,534,20900,888,52100,
seq_150_9,539,20100,893,25100,
seq_150_10,536,20200,892,33700,
seq_150_11,530,20400,882,64600,
seq_150_12,535,29600,905,51900,
seq_150_13,531,48300,871,151000,
seq_150_14,525,34700,882,65100,
seq_150_15,533,32300,897,55300,
seq_150_16,539,30400,877,49800,
seq_150_17,541,59800,889,42000,
seq_150_18,536,25800,878,35000,
seq_150_19,535,37000,886,31900,
seq_150_20,540,22400,900,26600,
seq_150_21,541,22400,868,25600,
seq_150_22,546,22200,889,28700,
seq_150_23,530,20500,902,26200,
seq_150_24,544,20900,882,26000,
seq_150_25,540,20800,880,25900,
seq_150_26,534,20300,903,27000,
seq_150_27,542,25800,873,36500,
seq_150_28,528,29400,873,51500,
seq_150_29,536,37200,879,52900,
seq_150_30,544,34000,895,46900,
seq_150_31,534,35200,895,53100,
seq_150_32,540,32200,894,78000,
seq_150_33,526,33700,876,46000,
seq_150_34,525,35400,888,52000,
seq_150_35,524,32300,887,52400,
seq_150_36,521,32900,882,50700,
seq_150_37,531,33300,869,43300,
seq_150_38,535,22300,883,28400,
seq_150_39,541,21000,864,26600,
seq_150_40,533,21500,880,26000,
seq_150_41,536,20800,879,24800,
seq_150_42,549,21200,877,77300,
seq_150_43,541,36100,864,50700,
seq_150_44,530,23000,881,47100,
seq_150_45,541,28800,876,38000,
seq_150_46,538,21100,887,27500,
seq_150_47,539,20300,874,23600,
seq_150_48,547,31600,880,27900,
seq_150_49,532,20600,884,26200,
seq_150_50,531,19900,880,29800,
seq_150_51,543,20500,892,27400,
seq_150_52,538,20400,875,24400,
seq_150_53,527,20400,872,22800,
seq_150_54,529,20000,863,22800,
seq_150_55,542,30000,886,30800,
seq_150_56,549,20900,892,23900,
seq_150_57,539,20800,875,23600,
seq_150_58,545,20600,873,24100,
seq_150_59,524,19900,883,25000,
seq_150_60,539,21400,887,24300,
seq_150_61,533,20400,870,24300,
seq_150_62,542,20600,875,23300,
seq_150_63,536,19900,878,28900,
seq_150_64,544,22100,898,30200,
seq_150_65,542,21600,878,34700,
seq_150_66,533,25600,864,36900,
seq_150_67,547,35300,900,69700,
seq_150_68,539,36300,870,72900,
seq_150_69,535,35000,880,42800,
seq_150_70,535,35000,894,41700,
seq_150_71,543,31900,894,37200,
seq_150_72,541,31500,878,38300,
seq_150_73,542,32300,877,48900,
seq_150_74,536,31300,879,60300,
seq_150_75,539,31100,888,33000,
seq_150_76,541,25800,867,32100,
seq_150_77,529,23900,871,26300,
seq_150_78,528,23200,881,26600,
seq_150_79,539,22800,886,25600,
seq_150_80,540,33300,867,27900,
seq_150_81,532,21700,882,33200,
seq_150_82,543,29400,881,42200,
seq_150_83,545,28700,884,34400,
seq_150_84,534,29300,873,43400,
seq_150_85,531,37500,856,40300,
seq_150_86,548,34400,860,36400,
seq_150_87,529,38900,861,53700,
seq_150_88,538,24300,888,31100,
seq_150_89,540,30000,881,35000,
seq_150_90,535,23300,883,26100,
seq_150_91,534,23100,890,36300,
seq_150_92,528,35300,888,38900,
seq_150_93,542,35400,883,46300,
seq_150_94,537,34600,895,39400,
seq_150_95,534,34200,880,47300,
seq_150_96,542,31400,876,38300,
seq_150_97,534,50700,887,50000,
seq_150_98,542,25100,890,36700,
seq_150_99,531,29900,886,34300,
seq_200_0,769,52100,1239,32400,
seq_200_1,779,44200,1263,50000,
seq_200_2,778,44800,1258,45900,
seq_200_3,764,41900,1241,43600,
seq_200_4,778,45500,1240,51500,
seq_200_5,755,131600,1269,46400,
seq_200_6,768,122600,1238,96000,
seq_200_7,771,78500,1289,47600,
seq_200_8,762,44500,1242,71600,
seq_200_9,771,47800,1249,59200,
seq_200_10,772,51500,1255,63200,
seq_200_11,772,57900,1241,173200,
seq_200_12,774,47000,1259,166800,
seq_200_13,782,47200,1282,66800,
seq_200_14,779,43500,1259,49500,
seq_200_15,754,41100,1245,45800,
seq_200_16,773,60000,1255,46600,
seq_200_17,780,33700,1266,48100,
seq_200_18,773,32500,1228,35000,
seq_200_19,756,30500,1281,35900,
seq_200_20,770,28900,1269,32100,
seq_200_21,760,37900,1259,34100,
seq_200_22,762,28600,1253,34300,
seq_200_23,785,74800,1263,66000,
seq_200_24,778,48200,1236,75100,
seq_200_25,781,46000,1249,70700,
seq_200_26,775,69400,1257,78200,
seq_200_27,773,41300,1262,128000,
seq_200_28,770,31000,1273,39900,
seq_200_29,763,56200,1259,122500,
seq_200_30,749,39900,1246,43800,
seq_200_31,769,49600,1253,45300,
seq_200_32,773,44800,1224,44000,
seq_200_33,766,54700,1261,59000,
seq_200_34,773,34000,1238,37500,
seq_200_35,758,42100,1256,55200,
seq_200_36,767,46400,1244,51100,
seq_200_37,763,95200,1267,63800,
seq_200_38,771,56700,1254,56900,
seq_200_39,771,32700,1266,43800,
seq_200_40,758,30000,1262,33900,
seq_200_41,766,29900,1248,32600,
seq_200_42,758,29100,1248,33200,
seq_200_43,777,41900,1267,44800,
seq_200_44,772,28500,1234,31300,
seq_200_45,770,46800,1253,48300,
seq_200_46,769,44100,1257,52700,
seq_200_47,760,41900,1245,57900,
seq_200_48,753,68500,1250,47500,
seq_200_49,785,44600,1217,40800,
seq_200_50,761,43100,1247,42800,
seq_200_51,777,54500,1260,50200,
seq_200_52,760,42000,1249,43200,
seq_200_53,771,42500,1243,40100,
seq_200_54,774,42600,1272,41000,
seq_200_55,775,43900,1260,43200,
seq_200_56,765,36700,1237,44300,
seq_200_57,761,42700,1275,44700,
seq_200_58,762,44200,1264,43300,
seq_200_59,769,42100,1268,51900,
seq_200_60,780,34900,1274,41600,
seq_200_61,758,40800,1259,42500,
seq_200_62,786,53600,1271,55000,
seq_200_63,762,46600,1269,80200,
seq_200_64,756,69500,1235,137900,
seq_200_65,756,46700,1257,51700,
seq_200_66,769,31400,1277,34500,
seq_200_67,781,42700,1247,31400,
seq_200_68,776,29400,1246,30800,
seq_200_69,772,29400,1274,30600,
seq_200_70,780,29300,1255,32500,
seq_200_71,779,112600,1256,83600,
seq_200_72,761,51500,1256,56700,
seq_200_73,771,49500,1273,53700,
seq_200_74,770,49100,1263,83000,
seq_200_75,765,43000,1255,48400,
seq_200_76,757,49100,1282,52300,
seq_200_77,771,32700,1239,119900,
seq_200_78,768,64500,1254,61500,
seq_200_79,772,43300,1278,43100,
seq_200_80,769,43200,1229,58400,
seq_200_81,768,42100,1273,42000,
seq_200_82,772,49000,1279,54000,
seq_200_83,765,47700,1232,64500,
seq_200_84,775,43500,1285,44600,
seq_200_85,769,44800,1247,48500,
seq_200_86,783,44700,1268,57800,
seq_200_87,759,43900,1230,46000,
seq_200_88,757,41000,1238,40100,
seq_200_89,760,63900,1287,79900,
seq_200_90,760,84100,1271,223300,
seq_200_91,763,47800,1267,56800,
seq_200_92,769,44600,1270,45800,
seq_200_93,753,66500,1260,48100,
seq_200_94,762,38300,1261,51600,
seq_200_95,775,30400,1229,45000,
seq_200_96,761,52600,1256,36500,
seq_200_97,771,29000,1251,30800,
seq_200_98,772,45000,1231,54500,
seq_200_99,764,34000,1255,36500,
seq_250_0,1000,54000,1619,41500,
seq_250_1,1023,49600,1644,46900,
seq_250_2,1016,94000,1631,70500,
seq_250_3,999,92800,1647,121800,
seq_250_4,1026,83500,1628,57800,
seq_250_5,1013,54200,1628,88600,
seq_250_6,1014,53000,1661,60200,
seq_250_7,1021,62700,1673,60900,
seq_250_8,1016,56900,1632,58800,
seq_250_9,1007,49700,1657,89700,
seq_250_10,1010,55300,1657,63000,
seq_250_11,1011,56300,1632,57200,
seq_250_12,1024,72000,1620,57600,
seq_250_13,1006,84700,1653,86300,
seq_250_14,1015,38500,1649,52300,
seq_250_15,1006,73300,1632,91600,
seq_250_16,1008,61800,1630,85600,
seq_250_17,1025,63100,1635,100100,
seq_250_18,1020,77100,1654,56600,
seq_250_19,1027,90900,1623,52200,
seq_250_20,994,56000,1644,49800,
seq_250_21,1001,55000,1642,77700,
seq_250_22,1001,53100,1646,64400,
seq_250_23,1023,41800,1662,47900,
seq_250_24,1017,40000,1628,51200,
seq_250_25,1007,53400,1633,82600,
seq_250_26,1009,73800,1642,72000,
seq_250_27,1012,56200,1649,54000,
seq_250_28,1022,53900,1638,51600,
seq_250_29,1001,55000,1658,51300,
seq_250_30,1005,42000,1639,48900,
seq_250_31,1014,38800,1638,51600,
seq_250_32,1021,38800,1661,57000,
seq_250_33,1017,38400,1639,40300,
seq_250_34,1014,38000,1650,51900,
seq_250_35,1019,59900,1633,53200,
seq_250_36,998,56900,1637,71900,
seq_250_37,1009,43100,1658,46200,
seq_250_38,1028,40000,1613,38100,
seq_250_39,1004,38400,1662,38900,
seq_250_40,1018,51700,1615,55500,
seq_250_41,1018,90400,1624,59800,
seq_250_42,1010,91400,1629,59300,
seq_250_43,1005,243600,1664,55700,
seq_250_44,1019,57700,1646,80500,
seq_250_45,1003,55700,1653,180300,
seq_250_46,1031,61500,1642,98400,
seq_250_47,1012,71900,1665,80400,
seq_250_48,989,58100,1638,55000,
seq_250_49,1021,63500,1658,75300,
seq_250_50,1008,88700,1673,247000,
seq_250_51,1023,75100,1608,100400,
seq_250_52,1010,55700,1651,68000,
seq_250_53,1006,76000,1644,71700,
seq_250_54,1015,56800,1640,117500,
seq_250_55,1010,53900,1651,68200,
seq_250_56,1010,150300,1656,68500,
seq_250_57,1024,74100,1627,86900,
seq_250_58,1006,54300,1646,71700,
seq_250_59,1023,61200,1650,55800,
seq_250_60,1039,40400,1657,39000,
seq_250_61,1008,38500,1623,35500,
seq_250_62,1018,72400,1642,48500,
seq_250_63,1000,86000,1610,53000,
seq_250_64,1002,47600,1645,66100,
seq_250_65,1013,40200,1664,48400,
seq_250_66,1013,38200,1628,44200,
seq_250_67,1011,37500,1623,42600,
seq_250_68,1018,38600,1656,75400,
seq_250_69,1014,34600,1624,45200,
seq_250_70,1012,34500,1635,33600,
seq_250_71,1004,34600,1616,33700,
seq_250_72,1012,35000,1672,34500,
seq_250_73,1008,35100,1634,35900,
seq_250_74,1006,95600,1644,79900,
seq_250_75,1013,40300,1650,60800,
seq_250_76,1011,54800,1638,113400,
seq_250_77,1023,53300,1639,102000,
seq_250_78,1037,55500,1634,60000,
seq_250_79,1007,40600,1645,49700,
seq_250_80,1014,38000,1651,42300,
seq_250_81,1017,37700,1650,42800,
seq_250_82,1021,35600,1632,35200,
seq_250_83,1007,34900,1669,34900,
seq_250_84,1027,34500,1630,35200,
seq_250_85,1023,33900,1619,33400,
seq_250_86,1018,50100,1644,50700,
seq_250_87,1003,49800,1648,51200,
seq_250_88,1001,33900,1595,33900,
seq_250_89,1001,39500,1639,34500,
seq_250_90,1023,33800,1644,33700,
seq_250_91,1012,33100,1646,33200,
seq_250_92,1010,33600,1634,33000,
seq_250_93,998,33100,1637,32100,
seq_250_94,995,32200,1659,32700,
seq_250_95,986,32400,1645,33100,
seq_250_96,1019,33300,1651,33300,
seq_250_97,1011,33600,1667,32500,
seq_250_98,1015,33700,1667,36400,
seq_250_99,1018,36100,1643,37200,
seq_300_0,1273,69800,2015,101600,
seq_300_1,1267,65200,2056,90300,
seq_300_2,1265,77500,2027,56200,
seq_300_3,1259,46300,2036,45000,
seq_300_4,1267,48400,2029,57600,
seq_300_5,1254,45500,2040,44400,
seq_300_6,1265,52700,2054,62500,
seq_300_7,1253,43200,2046,40600,
seq_300_8,1258,42300,2024,40200,
seq_300_9,1248,42600,2124,47800,
seq_300_10,1259,42200,2044,40700,
seq_300_11,1240,69900,2033,89600,
seq_300_12,1255,93900,2049,66700,
seq_300_13,1252,41500,2045,46600,
seq_300_14,1266,42000,2049,41700,
seq_300_15,1247,48000,2048,50900,
seq_300_16,1260,43000,2002,40000,
seq_300_17,1259,42400,2074,44500,
seq_300_18,1252,42300,2036,41300,
seq_300_19,1245,41400,2021,40000,
seq_300_20,1263,40800,2048,40000,
seq_300_21,1261,41300,2021,38500,
seq_300_22,1262,41600,2062,40600,
seq_300_23,1250,48500,2060,40800,
seq_300_24,1270,42200,2072,43600,
seq_300_25,1274,42600,2061,41600,
seq_300_26,1246,41300,2046,39600,
seq_300_27,1245,41200,2027,38700,
seq_300_28,1242,43600,2031,49900,
seq_300_29,1270,42500,2042,40800,
seq_300_30,1271,41200,2048,39700,
seq_300_31,1257,41600,2041,39500,
seq_300_32,1264,34600,2079,40400,
seq_300_33,1263,41500,2028,39900,
seq_300_34,1271,45700,2043,44300,
seq_300_35,1268,42300,2009,41500,
seq_300_36,1275,46400,2063,44400,
seq_300_37,1251,53000,2025,42900,
seq_300_38,1257,45000,2085,44600,
seq_300_39,1274,46200,2054,43800,
seq_300_40,1266,45600,2028,42600,
seq_300_41,1272,43300,2029,41700,
seq_300_42,1277,42400,2049,40100,
seq_300_43,1251,48600,2074,39900,
seq_300_44,1260,42700,2057,59500,
seq_300_45,1278,62300,2041,68700,
seq_300_46,1260,57000,2031,59700,
seq_300_47,1255,65900,2001,59300,
seq_300_48,1247,59600,2038,57200,
seq_300_49,1251,61500,2030,53800,
seq_300_50,1262,55700,2038,60100,
seq_300_51,1259,56600,2034,54200,
seq_300_52,1269,70300,2064,66500,
seq_300_53,1271,59800,2000,53500,
seq_300_54,1247,64100,2030,53500,
seq_300_55,1264,57000,2040,59700,
seq_300_56,1262,56600,2035,52100,
seq_300_57,1261,60800,2022,50400,
seq_300_58,1260,58800,2024,50300,
seq_300_59,1264,58500,2040,52600,
seq_300_60,1275,66900,2061,58300,
seq_300_61,1263,58200,2059,95300,
seq_300_62,1264,62600,2063,63800,
seq_300_63,1261,66200,2017,68600,
seq_300_64,1244,57800,2052,57700,
seq_300_65,1234,58900,2002,55000,
seq_300_66,1254,81400,2026,78600,
seq_300_67,1245,104600,2071,96100,
seq_300_68,1262,58400,2036,55300,
seq_300_69,1253,63100,2044,68800,
seq_300_70,1267,59100,2025,60800,
seq_300_71,1266,62000,2014,51900,
seq_300_72,1265,53800,2087,57400,
seq_300_73,1254,58400,2022,59300,
seq_300_74,1259,72200,2029,51100,
seq_300_75,1267,47100,2024,45000,
seq_300_76,1243,45400,2026,44700,
seq_300_77,1257,45100,2031,50900,
seq_300_78,1252,43300,2034,41300,
seq_300_79,1250,83600,2037,61400,
seq_300_80,1269,74100,2086,67800,
seq_300_81,1258,69900,2034,62900,
seq_300_82,1266,58000,2005,62200,
seq_300_83,1234,58800,2055,55000,
seq_300_84,1267,58600,2081,57100,
seq_300_85,1276,64000,2050,62600,
seq_300_86,1238,59800,2035,56400,
seq_300_87,1254,80800,2031,68800,
seq_300_88,1277,61300,2006,83100,
seq_300_89,1254,56000,2049,62700,
seq_300_90,1264,64100,2052,57100,
seq_300_91,1273,60000,2015,56700,
seq_300_92,1248,103300,2066,86000,
seq_300_93,1269,70800,2008,67000,
seq_300_94,1269,59200,2049,85500,
seq_300_95,1267,58100,2020,65000,
seq_300_96,1239,64700,2054,58900,
seq_300_97,1262,60600,2032,66100,
seq_300_98,1232,57700,2048,70300,
seq_300_99,1254,61200,2084,123500,
seq_350_0,1500,68000,2462,71300,
seq_350_1,1527,78600,2452,66500,
seq_350_2,1509,73900,2405,64700,
seq_350_3,1525,88000,2438,61100,
seq_350_4,1511,103300,2423,80700,
seq_350_5,1511,73800,2442,73700,
seq_350_6,1512,68000,2437,74400,
seq_350_7,1493,86400,2426,63300,
seq_350_8,1525,82300,2441,65600,
seq_350_9,1509,72000,2464,69800,
seq_350_10,1500,75500,2433,61800,
seq_350_11,1493,69000,2452,63900,
seq_350_12,1503,71500,2441,78300,
seq_350_13,1520,74400,2439,71500,
seq_350_14,1508,67700,2440,65900,
seq_350_15,1502,72000,2435,78800,
seq_350_16,1498,65900,2444,64800,
seq_350_17,1497,72900,2446,61500,
seq_350_18,1492,64400,2465,61700,
seq_350_19,1492,69900,2488,74000,
seq_350_20,1521,66600,2449,66400,
seq_350_21,1499,67600,2446,71800,
seq_350_22,1495,53900,2438,60700,
seq_350_23,1516,52400,2426,52800,
seq_350_24,1491,51500,2462,49400,
seq_350_25,1504,76800,2445,73700,
seq_350_26,1528,69000,2484,72100,
seq_350_27,1502,68800,2435,68800,
seq_350_28,1505,67600,2451,71600,
seq_350_29,1504,63400,2478,62800,
seq_350_30,1514,91400,2433,56700,
seq_350_31,1498,50500,2468,49000,
seq_350_32,1508,38600,2439,46400,
seq_350_33,1510,38800,2504,42600,
seq_350_34,1522,40300,2484,48800,
seq_350_35,1521,47700,2451,50900,
seq_350_36,1521,51200,2491,60200,
seq_350_37,1513,52400,2453,53400,
seq_350_38,1501,47500,2452,51300,
seq_350_39,1513,46200,2475,43500,
seq_350_40,1498,48800,2442,43300,
seq_350_41,1509,77900,2489,82600,
seq_350_42,1522,71200,2487,80500,
seq_350_43,1499,81700,2483,75700,
seq_350_44,1502,68600,2449,87000,
seq_350_45,1523,130200,2439,112300,
seq_350_46,1516,70900,2471,63100,
seq_350_47,1505,69900,2440,62300,
seq_350_48,1517,90800,2453,74000,
seq_350_49,1501,69000,2444,66200,
seq_350_50,1499,69700,2426,127100,
seq_350_51,1506,73100,2448,74600,
seq_350_52,1528,71400,2434,67000,
seq_350_53,1509,68400,2473,78500,
seq_350_54,1509,59800,2437,62600,
seq_350_55,1507,64200,2428,65100,
seq_350_56,1500,100600,2430,95400,
seq_350_57,1519,80100,2414,69900,
seq_350_58,1510,74900,2461,67300,
seq_350_59,1517,92000,2491,65600,
seq_350_60,1517,65300,2436,78300,
seq_350_61,1503,76700,2466,85800,
seq_350_62,1525,78000,2459,82100,
seq_350_63,1522,70900,2445,64200,
seq_350_64,1508,68800,2424,66300,
seq_350_65,1515,68700,2460,67000,
seq_350_66,1504,65700,2461,64000,
seq_350_67,1524,99400,2446,72000,
seq_350_68,1504,69200,2450,60300,
seq_350_69,1498,69900,2483,70800,
seq_350_70,1523,79600,2460,75700,
seq_350_71,1516,76000,2458,72000,
seq_350_72,1516,73200,2454,66600,
seq_350_73,1516,85500,2424,62100,
seq_350_74,1518,85300,2467,89300,
seq_350_75,1525,70000,2448,70600,
seq_350_76,1511,64300,2451,62000,
seq_350_77,1517,76000,2473,66500,
seq_350_78,1523,79600,2464,62900,
seq_350_79,1495,64900,2466,63800,
seq_350_80,1505,63800,2465,60700,
seq_350_81,1491,64200,2442,58900,
seq_350_82,1501,82300,2449,60300,
seq_350_83,1509,97900,2436,91900,
seq_350_84,1513,65500,2473,61400,
seq_350_85,1509,68100,2440,62000,
seq_350_86,1499,68100,2431,65200,
seq_350_87,1505,60800,2447,58100,
seq_350_88,1512,57100,2427,67300,
seq_350_89,1503,54600,2458,66400,
seq_350_90,1510,54100,2462,52900,
seq_350_91,1506,54500,2432,50600,
seq_350_92,1514,52300,2407,51000,
seq_350_93,1514,89900,2453,69100,
seq_350_94,1511,69900,2455,59700,
seq_350_95,1516,68200,2436,66200,
seq_350_96,1516,54700,2452,56100,
seq_350_97,1527,59000,2428,54400,
seq_350_98,1497,63500,2428,61500,
seq_350_99,1522,60900,2437,54000,
seq_400_0,1780,78700,2853,86200,
seq_400_1,1755,78000,2846,82100,
seq_400_2,1782,65900,2851,64800,
seq_400_3,1759,47200,2842,47000,
seq_400_4,1772,49000,2901,48300,
seq_400_5,1774,51900,2915,46800,
seq_400_6,1789,75500,2898,56600,
seq_400_7,1779,60000,2799,56000,
seq_400_8,1764,46800,2892,50700,
seq_400_9,1775,58900,2861,58300,
seq_400_10,1789,49700,2848,47400,
seq_400_11,1780,45100,2894,44200,
seq_400_12,1779,46500,2869,52500,
seq_400_13,1747,82300,2868,68200,
seq_400_14,1808,40900,2869,40000,
seq_400_15,1761,102800,2797,56600,
seq_400_16,1761,50700,2869,53800,
seq_400_17,1758,42100,2893,58700,
seq_400_18,1778,59200,2862,51200,
seq_400_19,1768,47600,2892,48100,
seq_400_20,1795,53100,2863,47300,
seq_400_21,1766,50100,2868,49800,
seq_400_22,1768,46600,2847,56900,
seq_400_23,1759,76800,2917,61100,
seq_400_24,1763,71600,2891,59900,
seq_400_25,1770,50800,2887,51500,
seq_400_26,1813,51200,2838,87900,
seq_400_27,1805,45800,2837,48700,
seq_400_28,1790,70300,2837,60900,
seq_400_29,1763,90900,2874,149900,
seq_400_30,1787,48000,2838,71700,
seq_400_31,1772,49600,2876,55000,
seq_400_32,1773,69100,2843,62500,
seq_400_33,1779,48800,2836,63400,
seq_400_34,1777,48900,2914,43400,
seq_400_35,1778,58900,2873,48700,
seq_400_36,1765,43600,2880,44000,
seq_400_37,1784,46300,2894,45800,
seq_400_38,1751,74100,2882,43400,
seq_400_39,1793,82200,2871,54000,
seq_400_40,1803,52100,2907,52700,
seq_400_41,1773,43900,2847,45000,
seq_400_42,1770,49800,2884,54500,
seq_400_43,1779,46600,2900,46000,
seq_400_44,1785,65700,2822,60900,
seq_400_45,1777,77800,2841,68600,
seq_400_46,1766,56500,2848,63200,
seq_400_47,1780,55300,2842,51200,
seq_400_48,1774,50500,2865,47600,
seq_400_49,1808,72200,2857,81500,
seq_400_50,1770,73600,2850,134600,
seq_400_51,1782,55800,2868,266300,
seq_400_52,1783,47500,2842,63700,
seq_400_53,1759,59000,2882,62100,
seq_400_54,1791,51300,2885,63000,
seq_400_55,1765,56000,2852,84300,
seq_400_56,1748,51100,2833,50900,
seq_400_57,1774,109200,2878,99200,
seq_400_58,1765,107400,2877,94800,
seq_400_59,1769,62700,2845,84500,
seq_400_60,1764,54600,2891,53600,
seq_400_61,1788,173600,2820,103600,
seq_400_62,1787,58200,2894,85800,
seq_400_63,1779,82100,2872,76000,
seq_400_64,1770,78200,2852,75300,
seq_400_65,1780,95500,2875,149500,
seq_400_66,1791,60400,2872,64500,
seq_400_67,1758,96600,2838,82400,
seq_400_68,1776,71800,2853,94000,
seq_400_69,1781,110700,2838,89500,
seq_400_70,1766,91500,2830,91500,
seq_400_71,1774,60700,2853,86100,
seq_400_72,1763,133700,2843,115000,
seq_400_73,1790,93900,2863,149600,
seq_400_74,1769,79500,2839,89700,
seq_400_75,1778,62000,2870,66400,
seq_400_76,1769,58700,2896,90400,
seq_400_77,1754,63100,2896,68000,
seq_400_78,1774,61200,2860,63300,
seq_400_79,1796,56000,2858,95900,
seq_400_80,1776,59400,2883,60600,
seq_400_81,1759,88600,2912,85500,
seq_400_82,1764,57600,2847,76300,
seq_400_83,1796,56300,2897,58900,
seq_400_84,1779,60700,2868,55000,
seq_400_85,1765,53900,2874,64700,
seq_400_86,1773,44100,2873,51800,
seq_400_87,1763,43600,2872,53600,
seq_400_88,1803,54600,2899,63700,
seq_400_89,1791,59900,2854,67700,
seq_400_90,1777,61900,2886,64200,
seq_400_91,1779,59300,2848,83800,
seq_400_92,1772,130200,2878,161400,
seq_400_93,1780,88600,2882,89000,
seq_400_94,1791,57100,2885,88300,
seq_400_95,1760,58600,2849,58500,
seq_400_96,1798,59900,2900,58600,
seq_400_97,1772,61600,2872,68400,
seq_400_98,1774,53300,2887,58900,
seq_400_99,1778,58700,2863,60300,
seq_450_0,2030,74300,3320,80800,
seq_450_1,2043,53800,3315,70600,
seq_450_2,2029,55000,3301,62700,
seq_450_3,2042,72300,3303,69800,
seq_450_4,2041,62000,3276,71100,
seq_450_5,2063,64100,3305,64000,
seq_450_6,2055,61200,3263,82300,
seq_450_7,2069,59400,3299,79200,
seq_450_8,2055,62000,3293,65800,
seq_450_9,2070,62600,3315,62800,
seq_450_10,2070,73100,3301,84100,
seq_450_11,2049,65900,3288,69800,
seq_450_12,2051,69500,3273,82600,
seq_450_13,2058,68800,3279,92700,
seq_450_14,2067,62500,3246,66000,
seq_450_15,2031,86900,3302,88900,
seq_450_16,2053,95100,3316,126100,
seq_450_17,2058,65600,3306,72000,
seq_450_18,2043,77900,3302,66900,
seq_450_19,2046,68700,3272,81500,
seq_450_20,2060,66000,3278,145400,
seq_450_21,2049,73800,3268,70700,
seq_450_22,2036,73900,3349,71200,
seq_450_23,2036,64100,3310,64100,
seq_450_24,2058,59300,3311,64700,
seq_450_25,2032,116200,3264,106400,
seq_450_26,2047,56600,3289,79800,
seq_450_27,2068,58900,3293,65200,
seq_450_28,2045,87900,3272,60800,
seq_450_29,2019,65200,3300,65400,
seq_450_30,2053,66200,3260,65400,
seq_450_31,2080,51900,3300,56100,
seq_450_32,2076,56200,3296,96600,
seq_450_33,2046,65300,3260,75000,
seq_450_34,2037,62600,3273,58000,
seq_450_35,2057,67100,3304,64300,
seq_450_36,2046,63300,3279,67300,
seq_450_37,2074,53900,3298,54400,
seq_450_38,2033,62200,3287,70600,
seq_450_39,2050,63500,3305,81500,
seq_450_40,2049,67000,3315,69400,
seq_450_41,2071,74300,3270,70600,
seq_450_42,2049,91100,3334,115800,
seq_450_43,2074,86300,3317,94700,
seq_450_44,2052,90200,3323,155500,
seq_450_45,2010,90900,3294,117000,
seq_450_46,2064,89000,3265,118500,
seq_450_47,2045,90700,3242,88500,
seq_450_48,2044,69000,3298,66300,
seq_450_49,2044,59900,3318,60400,
seq_450_50,2047,61100,3288,57000,
seq_450_51,2049,83500,3279,70400,
seq_450_52,2047,105000,3286,86200,
seq_450_53,2046,68900,3310,65700,
seq_450_54,2029,62100,3307,62000,
seq_450_55,2022,60800,3289,76800,
seq_450_56,2047,64500,3313,84100,
seq_450_57,2066,75900,3276,90100,
seq_450_58,2031,73100,3302,78400,
seq_450_59,2022,63100,3315,59500,
seq_450_60,2058,63200,3255,63400,
seq_450_61,2034,63800,3295,57500,
seq_450_62,2047,68900,3294,72300,
seq_450_63,2051,66200,3311,66300,
seq_450_64,2053,67200,3310,67600,
seq_450_65,2055,66200,3260,64800,
seq_450_66,2038,60100,3333,62800,
seq_450_67,2053,109100,3297,99100,
seq_450_68,2040,97000,3317,90500,
seq_450_69,2042,64200,3295,58700,
seq_450_70,2065,63200,3286,77000,
seq_450_71,2046,63700,3328,57200,
seq_450_72,2045,63200,3295,57100,
seq_450_73,2042,65400,3309,57900,
seq_450_74,2069,63700,3334,58000,
seq_450_75,2051,81100,3303,126000,
seq_450_76,2044,68100,3337,63300,
seq_450_77,2070,65800,3315,63300,
seq_450_78,2048,95200,3280,88000,
seq_450_79,2049,65300,3290,53900,
seq_450_80,2062,53000,3296,48700,
seq_450_81,2058,114100,3310,59300,
seq_450_82,2052,55800,3296,57300,
seq_450_83,2070,60800,3251,64300,
seq_450_84,2046,50500,3230,53600,
seq_450_85,2069,42700,3273,45700,
seq_450_86,2028,43000,3293,45400,
seq_450_87,2052,63200,3322,60200,
seq_450_88,2050,62700,3275,63900,
seq_450_89,2030,62700,3297,57000,
seq_450_90,2024,61000,3285,59100,
seq_450_91,2072,62400,3286,57000,
seq_450_92,2041,61400,3316,59900,
seq_450_93,2054,61700,3296,55200,
seq_450_94,2053,59800,3330,59100,
seq_450_95,2053,56800,3273,62300,
seq_450_96,2058,49800,3266,51400,
seq_450_97,2037,55900,3325,57100,
seq_450_98,2037,57900,3258,60400,
seq_450_99,2060,86000,3317,55400,
seq_500_0,2321,50200,3671,53500,
seq_500_1,2316,95500,3714,94800,
seq_500_2,2315,50800,3750,52500,
seq_500_3,2342,61000,3736,58000,
seq_500_4,2346,69500,3747,60000,
seq_500_5,2347,64500,3693,67300,
seq_500_6,2301,54100,3691,61000,
seq_500_7,2328,55400,3709,54000,
seq_500_8,2332,61200,3721,61400,
seq_500_9,2322,74600,3764,76500,
seq_500_10,2331,76600,3698,68200,
seq_500_11,2355,117300,3717,121500,
seq_500_12,2331,80900,3749,76200,
seq_500_13,2356,72300,3741,66300,
seq_500_14,2328,77800,3730,72000,
seq_500_15,2328,76700,3776,69500,
seq_500_16,2360,70400,3688,62300,
seq_500_17,2332,70700,3655,63500,
seq_500_18,2330,70400,3683,63600,
seq_500_19,2334,75400,3731,69300,
seq_500_20,2345,75200,3719,68500,
seq_500_21,2337,75800,3706,68700,
seq_500_22,2342,68300,3776,65000,
seq_500_23,2320,69400,3745,63500,
seq_500_24,2337,68200,3713,77900,
seq_500_25,2338,68300,3737,62300,
seq_500_26,2307,69600,3725,62900,
seq_500_27,2325,69400,3722,63800,
seq_500_28,2335,122700,3718,119800,
seq_500_29,2342,76500,3711,70400,
seq_500_30,2340,107900,3749,72500,
seq_500_31,2329,82100,3765,70400,
seq_500_32,2327,77600,3707,140000,
seq_500_33,2295,78900,3733,81100,
seq_500_34,2328,84100,3678,86400,
seq_500_35,2329,85100,3760,78300,
seq_500_36,2359,67400,3710,64800,
seq_500_37,2335,67500,3729,71600,
seq_500_38,2344,70200,3744,70000,
seq_500_39,2342,76200,3757,63600,
seq_500_40,2333,101500,3715,95200,
seq_500_41,2340,79100,3739,76300,
seq_500_42,2339,100300,3719,90200,
seq_500_43,2319,103300,3688,108900,
seq_500_44,2343,78800,3744,76500,
seq_500_45,2336,81400,3668,68600,
seq_500_46,2343,66800,3730,64600,
seq_500_47,2313,73800,3688,63100,
seq_500_48,2322,70100,3742,65000,
seq_500_49,2310,67200,3700,68600,
seq_500_50,2322,88200,3677,64100,
seq_500_51,2324,67500,3697,65300,
seq_500_52,2343,76600,3663,70600,
seq_500_53,2332,71500,3713,66500,
seq_500_54,2338,73000,3652,68400,
seq_500_55,2304,82400,3729,69300,
seq_500_56,2308,75700,3715,72100,
seq_500_57,2337,108700,3668,118500,
seq_500_58,2341,174700,3759,110700,
seq_500_59,2337,77200,3721,95400,
seq_500_60,2328,133100,3692,93100,
seq_500_61,2344,72800,3697,66900,
seq_500_62,2327,73900,3758,70700,
seq_500_63,2334,66200,3731,65300,
seq_500_64,2321,144000,3698,125100,
seq_500_65,2311,80600,3758,146100,
seq_500_66,2329,142800,3736,113200,
seq_500_67,2326,71000,3755,71900,
seq_500_68,2335,116300,3742,110500,
seq_500_69,2322,73400,3721,75200,
seq_500_70,2324,76200,3721,76900,
seq_500_71,2339,140400,3739,115000,
seq_500_72,2308,111200,3767,106100,
seq_500_73,2329,124400,3708,93800,
seq_500_74,2312,71600,3727,67800,
seq_500_75,2332,73000,3693,120100,
seq_500_76,2352,106600,3716,95700,
seq_500_77,2360,86900,3695,83000,
seq_500_78,2348,75200,3731,70400,
seq_500_79,2329,153900,3730,203300,
seq_500_80,2303,135400,3720,106500,
seq_500_81,2331,72800,3708,69800,
seq_500_82,2338,75000,3667,103300,
seq_500_83,2347,72700,3702,71300,
seq_500_84,2321,71100,3728,65900,
seq_500_85,2341,70900,3747,72400,
seq_500_86,2320,71100,3749,65400,
seq_500_87,2351,140700,3679,142500,
seq_500_88,2316,145800,3776,141300,
seq_500_89,2320,75300,3735,80800,
seq_500_90,2321,112300,3724,80300,
seq_500_91,2329,73300,3717,82000,
seq_500_92,2320,77900,3689,82100,
seq_500_93,2337,76600,3737,60900,
seq_500_94,2333,65000,3717,67900,
seq_500_95,2315,70500,3689,87500,
seq_500_96,2355,65200,3736,61900,
seq_500_97,2339,84700,3663,122200,
seq_500_98,2315,61200,3726,58000,
seq_500_99,2331,60600,3722,66000,
seq_550_0,2629,70900,4141,76000,
seq_550_1,2623,78500,4134,79900,
seq_550_2,2606,66100,4175,57500,
seq_550_3,2625,75600,4136,53200,
seq_550_4,2627,56000,4190,50800,
seq_550_5,2630,73100,4169,182000,
seq_550_6,2606,145000,4152,417700,
seq_550_7,2616,119400,4130,112600,
seq_550_8,2604,54100,4180,51000,
seq_550_9,2604,67600,4111,66000,
seq_550_10,2608,70000,4110,66100,
seq_550_11,2608,52400,4166,47800,
seq_550_12,2615,53200,4179,66800,
seq_550_13,2611,52600,4172,51000,
seq_550_14,2586,55100,4122,59200,
seq_550_15,2600,54500,4172,60200,
seq_550_16,2604,65300,4131,57800,
seq_550_17,2593,56600,4170,55400,
seq_550_18,2627,101400,4172,72200,
seq_550_19,2641,85000,4142,78200,
seq_550_20,2613,53000,4145,48900,
seq_550_21,2624,63900,4171,61400,
seq_550_22,2591,54300,4155,49900,
seq_550_23,2611,53500,4084,50000,
seq_550_24,2634,54800,4174,52300,
seq_550_25,2626,54300,4165,49600,
seq_550_26,2586,59900,4168,53000,
seq_550_27,2588,65800,4183,66100,
seq_550_28,2616,68400,4169,66800,
seq_550_29,2608,53500,4142,50000,
seq_550_30,2575,57800,4185,51700,
seq_550_31,2622,66300,4138,70900,
seq_550_32,2628,54500,4131,49700,
seq_550_33,2623,67100,4188,58600,
seq_550_34,2616,58700,4180,61500,
seq_550_35,2621,53400,4135,48500,
seq_550_36,2608,52900,4119,47500,
seq_550_37,2587,52600,4135,52100,
seq_550_38,2606,52900,4159,49500,
seq_550_39,2627,59500,4113,61200,
seq_550_40,2604,61700,4136,59700,
seq_550_41,2627,316800,4135,75300,
seq_550_42,2599,56500,4158,57500,
seq_550_43,2613,55800,4164,53800,
seq_550_44,2603,55500,4222,52400,
seq_550_45,2598,67800,4183,69800,
seq_550_46,2610,66300,4127,59500,
seq_550_47,2629,55300,4141,67500,
seq_550_48,2622,53800,4144,50400,
seq_550_49,2621,53100,4145,48900,
seq_550_50,2630,53800,4154,50100,
seq_550_51,2635,121000,4156,59000,
seq_550_52,2601,67600,4187,71500,
seq_550_53,2597,59200,4151,51900,
seq_550_54,2618,61400,4121,67900,
seq_550_55,2610,54100,4201,59200,
seq_550_56,2594,54100,4155,50400,
seq_550_57,2627,62300,4150,56500,
seq_550_58,2575,61300,4108,70600,
seq_550_59,2598,53700,4183,62100,
seq_550_60,2603,53000,4169,50900,
seq_550_61,2616,55800,4110,50700,
seq_550_62,2624,53600,4193,51300,
seq_550_63,2588,55800,4130,55700,
seq_550_64,2624,69800,4147,84100,
seq_550_65,2614,74700,4199,75900,
seq_550_66,2581,70600,4118,79300,
seq_550_67,2631,102700,4166,151500,
seq_550_68,2597,65700,4149,71000,
seq_550_69,2597,60600,4122,73800,
seq_550_70,2612,80900,4169,58600,
seq_550_71,2619,67700,4069,106100,
seq_550_72,2613,127300,4143,69600,
seq_550_73,2628,91100,4183,263300,
seq_550_74,2616,73500,4143,69600,
seq_550_75,2609,75700,4130,104900,
seq_550_76,2599,91900,4153,134300,
seq_550_77,2622,79000,4197,76500,
seq_550_78,2594,74200,4139,69600,
seq_550_79,2597,69200,4220,69100,
seq_550_80,2617,58800,4134,67200,
seq_550_81,2602,74100,4198,70300,
seq_550_82,2586,104800,4131,136400,
seq_550_83,2610,58800,4155,63100,
seq_550_84,2615,61500,4192,55500,
seq_550_85,2610,67400,4150,60900,
seq_550_86,2603,121000,4199,125000,
seq_550_87,2607,71800,4132,66300,
seq_550_88,2632,71600,4158,66600,
seq_550_89,2639,55300,4152,50200,
seq_550_90,2631,67600,4122,60100,
seq_550_91,2619,167200,4195,135500,
seq_550_92,2612,54700,4157,56800,
seq_550_93,2614,74000,4157,70900,
seq_550_94,2613,63200,4185,67200,
seq_550_95,2613,58100,4164,66300,
seq_550_96,2617,150300,4175,169800,
seq_550_97,2622,84800,4154,71100,
seq_550_98,2629,66400,4201,66600,
seq_550_99,2602,55700,4136,54000,
seq_600_0,2903,107200,4614,162000,
seq_600_1,2904,177600,4577,90100,
seq_600_2,2858,79200,4669,77700,
seq_600_3,2899,86200,4537,69700,
seq_600_4,2897,86200,4584,75000,
seq_600_5,2909,212700,4605,136100,
seq_600_6,2915,75100,4606,71900,
seq_600_7,2897,73400,4601,66900,
seq_600_8,2922,81300,4599,80800,
seq_600_9,2899,70400,4527,75800,
seq_600_10,2908,129500,4588,99700,
seq_600_11,2925,67700,4645,90600,
seq_600_12,2934,69000,4592,77700,
seq_600_13,2898,78400,4584,65600,
seq_600_14,2916,146700,4610,138300,
seq_600_15,2910,87100,4514,85500,
seq_600_16,2910,63700,4562,65500,
seq_600_17,2889,81800,4620,69100,
seq_600_18,2877,78800,4559,95000,
seq_600_19,2921,65200,4567,73300,
seq_600_20,2916,68200,4622,76100,
seq_600_21,2885,92900,4646,91300,
seq_600_22,2892,62800,4633,63000,
seq_600_23,2902,147000,4570,130900,
seq_600_24,2900,61300,4654,74700,
seq_600_25,2894,82500,4572,151000,
seq_600_26,2895,77800,4625,80800,
seq_600_27,2911,71300,4643,72200,
seq_600_28,2899,81100,4652,71800,
seq_600_29,2909,62100,4621,59800,
seq_600_30,2885,61300,4621,69100,
seq_600_31,2932,74700,4589,81300,
seq_600_32,2898,144400,4560,181000,
seq_600_33,2930,57900,4576,61200,
seq_600_34,2914,84900,4658,84900,
seq_600_35,2902,76300,4573,71300,
seq_600_36,2911,67800,4594,62800,
seq_600_37,2911,72600,4680,77200,
seq_600_38,2875,69300,4644,68000,
seq_600_39,2904,72600,4598,91500,
seq_600_40,2923,86200,4636,66000,
seq_600_41,2903,65500,4621,69300,
seq_600_42,2943,76600,4578,117700,
seq_600_43,2891,101000,4621,80300,
seq_600_44,2920,82800,4559,143500,
seq_600_45,2920,63800,4562,72500,
seq_600_46,2906,79600,4602,87600,
seq_600_47,2897,68900,4582,86000,
seq_600_48,2880,76500,4667,86700,
seq_600_49,2912,88900,4593,81900,
seq_600_50,2889,91600,4586,89100,
seq_600_51,2903,69600,4567,70600,
seq_600_52,2898,81500,4567,86100,
seq_600_53,2889,69100,4606,76400,
seq_600_54,2906,104600,4606,146900,
seq_600_55,2912,61900,4639,76400,
seq_600_56,2909,64400,4608,68400,
seq_600_57,2920,61600,4601,74900,
seq_600_58,2888,66200,4580,66600,
seq_600_59,2917,85100,4589,96300,
seq_600_60,2909,64200,4612,77000,
seq_600_61,2892,61000,4623,77600,
seq_600_62,2877,77200,4529,68600,
seq_600_63,2905,78100,4601,72400,
seq_600_64,2914,94500,4614,94400,
seq_600_65,2898,68600,4572,62500,
seq_600_66,2894,61000,4541,71600,
seq_600_67,2904,66000,4613,63800,
seq_600_68,2898,60700,4567,79700,
seq_600_69,2885,73600,4663,96300,
seq_600_70,2925,65800,4568,87200,
seq_600_71,2906,76000,4552,74800,
seq_600_72,2927,63500,4579,65800,
seq_600_73,2907,62300,4603,94300,
seq_600_74,2896,142400,4636,86900,
seq_600_75,2906,77200,4609,87100,
seq_600_76,2928,61500,4519,65400,
seq_600_77,2898,64500,4615,73700,
seq_600_78,2915,62000,4676,74300,
seq_600_79,2875,72900,4593,76500,
seq_600_80,2870,76800,4599,80600,
seq_600_81,2911,61700,4602,89000,
seq_600_82,2893,61200,4613,59300,
seq_600_83,2896,60900,4577,79400,
seq_600_84,2922,71500,4572,64300,
seq_600_85,2901,80100,4581,78300,
seq_600_86,2925,62100,4582,95900,
seq_600_87,2909,61900,4630,66600,
seq_600_88,2919,66900,4555,73300,
seq_600_89,2881,85100,4572,78300,
seq_600_90,2890,77500,4622,92000,
seq_600_91,2916,73200,4603,73900,
seq_600_92,2910,78300,4552,81100,
seq_600_93,2900,71700,4631,83500,
seq_600_94,2889,78600,4567,76300,
seq_600_95,2931,63600,4660,79300,
seq_600_96,2922,58300,4621,56300,
seq_600_97,2876,74200,4605,77600,
seq_600_98,2931,135000,4618,147000,
seq_600_99,2897,61400,4589,76000,
seq_650_0,3206,80300,5033,74100,
seq_650_1,3192,89800,4972,81600,
seq_650_2,3181,65400,4959,69600,
seq_650_3,3195,162500,5027,96300,
seq_650_4,3177,85600,5062,97000,
seq_650_5,3200,107400,5045,164400,
seq_650_6,3184,69800,5028,77700,
seq_650_7,3204,83400,4991,86300,
seq_650_8,3179,82800,5031,82100,
seq_650_9,3220,66000,5024,93700,
seq_650_10,3201,65300,5071,70100,
seq_650_11,3205,69800,5081,74900,
seq_650_12,3203,95500,5060,136700,
seq_650_13,3156,80700,5056,92800,
seq_650_14,3200,75400,5046,68600,
seq_650_15,3185,65800,4999,69800,
seq_650_16,3217,81600,5088,97800,
seq_650_17,3183,118600,5076,79700,
seq_650_18,3208,73200,5054,87900,
seq_650_19,3167,77900,5092,91400,
seq_650_20,3175,89700,5051,92900,
seq_650_21,3186,131000,5058,136000,
seq_650_22,3185,71900,5054,74600,
seq_650_23,3190,78000,5089,72400,
seq_650_24,3206,233900,5011,86800,
seq_650_25,3204,182600,5022,71700,
seq_650_26,3189,63800,5078,62000,
seq_650_27,3193,80300,5038,76700,
seq_650_28,3191,83600,5073,87200,
seq_650_29,3196,83900,5124,94500,
seq_650_30,3175,196100,4978,185000,
seq_650_31,3178,80700,5084,73500,
seq_650_32,3190,67800,5091,81100,
seq_650_33,3176,72700,5019,71100,
seq_650_34,3207,67500,5063,62900,
seq_650_35,3201,118800,5085,142200,
seq_650_36,3193,73600,5071,77700,
seq_650_37,3206,90200,4987,240200,
seq_650_38,3199,159800,5067,259700,
seq_650_39,3168,160500,5029,145600,
seq_650_40,3222,151400,5029,209600,
seq_650_41,3208,120300,5031,162600,
seq_650_42,3185,155300,5024,107700,
seq_650_43,3154,78200,5000,216000,
seq_650_44,3184,143800,4987,148600,
seq_650_45,3202,66100,5055,61000,
seq_650_46,3194,79100,5023,78000,
seq_650_47,3206,67400,5035,62100,
seq_650_48,3220,66700,5107,65400,
seq_650_49,3185,65600,5048,79400,
seq_650_50,3182,76300,5046,69000,
seq_650_51,3207,82100,5089,80300,
seq_650_52,3192,63700,5046,70600,
seq_650_53,3195,74600,5011,63400,
seq_650_54,3169,66100,5014,125800,
seq_650_55,3189,65400,5079,61000,
seq_650_56,3181,75100,5037,66100,
seq_650_57,3203,84200,5007,93700,
seq_650_58,3210,85200,5082,69100,
seq_650_59,3204,67500,5083,61700,
seq_650_60,3170,69400,5044,86400,
seq_650_61,3191,83500,5007,78000,
seq_650_62,3196,76500,5050,78300,
seq_650_63,3179,70100,5038,83800,
seq_650_64,3197,81600,5032,71400,
seq_650_65,3200,85700,5088,94900,
seq_650_66,3198,91200,5039,95500,
seq_650_67,3211,66500,5128,63500,
seq_650_68,3183,87600,5088,82900,
seq_650_69,3164,81500,5064,61200,
seq_650_70,3195,88000,5010,75600,
seq_650_71,3211,67900,5009,85400,
seq_650_72,3180,68100,5055,71100,
seq_650_73,3212,72300,4980,71400,
seq_650_74,3198,80600,5053,76400,
seq_650_75,3203,71300,5020,66000,
seq_650_76,3170,65200,4948,66100,
seq_650_77,3216,80100,5057,73200,
seq_650_78,3183,104600,5052,85600,
seq_650_79,3202,74300,5073,90200,
seq_650_80,3213,74600,5035,69400,
seq_650_81,3158,70800,5006,66100,
seq_650_82,3207,80400,5019,82000,
seq_650_83,3191,67300,5084,61400,
seq_650_84,3171,67700,5093,99400,
seq_650_85,3166,68800,5015,71300,
seq_650_86,3192,65000,5012,59500,
seq_650_87,3183,66000,5044,98600,
seq_650_88,3192,73900,5021,64500,
seq_650_89,3193,68700,5027,60900,
seq_650_90,3163,66300,4990,81500,
seq_650_91,3202,68400,5067,76500,
seq_650_92,3220,65800,5076,61900,
seq_650_93,3193,68300,5062,77600,
seq_650_94,3193,69700,5061,60600,
seq_650_95,3187,102300,5039,79100,
seq_650_96,3191,65300,5002,69300,
seq_650_97,3176,75600,5076,69700,
seq_650_98,3202,65100,5011,76400,
seq_650_99,3203,79000,5110,80400,
seq_700_0,3489,83300,5532,93500,
seq_700_1,3474,74700,5512,72500,
seq_700_2,3490,101200,5508,89700,
seq_700_3,3476,74700,5524,83600,
seq_700_4,3493,171400,5517,103900,
seq_700_5,3456,77600,5548,81000,
seq_700_6,3463,74600,5485,69600,
seq_700_7,3460,78500,5533,77700,
seq_700_8,3473,77800,5502,100900,
seq_700_9,3483,84200,5546,99400,
seq_700_10,3495,79000,5497,192100,
seq_700_11,3509,97600,5530,80000,
seq_700_12,3459,72800,5418,76400,
seq_700_13,3477,89200,5546,87300,
seq_700_14,3501,130500,5479,86500,
seq_700_15,3476,71000,5505,125800,
seq_700_16,3493,73100,5468,86600,
seq_700_17,3475,76300,5488,65000,
seq_700_18,3508,93100,5455,73500,
seq_700_19,3507,72200,5479,75100,
seq_700_20,3480,73600,5455,83300,
seq_700_21,3480,71700,5519,82300,
seq_700_22,3459,75700,5510,93600,
seq_700_23,3464,357000,5514,739800,
seq_700_24,3466,96000,5491,96800,
seq_700_25,3492,75600,5531,88500,
seq_700_26,3504,70800,5486,81400,
seq_700_27,3452,74100,5522,83600,
seq_700_28,3462,80000,5468,96600,
seq_700_29,3473,252300,5523,133500,
seq_700_30,3499,329000,5506,196400,
seq_700_31,3496,75200,5490,107000,
seq_700_32,3458,89500,5451,107900,
seq_700_33,3495,86300,5473,113200,
seq_700_34,3486,78500,5503,72300,
seq_700_35,3483,72900,5480,73500,
seq_700_36,3506,90100,5501,98600,
seq_700_37,3498,79700,5488,74300,
seq_700_38,3469,75200,5521,74300,
seq_700_39,3471,84500,5507,83300,
seq_700_40,3472,73100,5486,71400,
seq_700_41,3468,83000,5487,87200,
seq_700_42,3496,102700,5508,222800,
seq_700_43,3478,117000,5456,103900,
seq_700_44,3507,77300,5556,82200,
seq_700_45,3497,85600,5481,87000,
seq_700_46,3492,85500,5419,89200,
seq_700_47,3489,115800,5496,80600,
seq_700_48,3497,75800,5488,94300,
seq_700_49,3498,111700,5474,90300,
seq_700_50,3461,110400,5540,111600,
seq_700_51,3502,168900,5459,139900,
seq_700_52,3478,157000,5417,150100,
seq_700_53,3493,86200,5530,87700,
seq_700_54,3503,83900,5436,82900,
seq_700_55,3475,89000,5525,87700,
seq_700_56,3465,85100,5481,110500,
seq_700_57,3497,95600,5428,81600,
seq_700_58,3497,98300,5452,99500,
seq_700_59,3489,98100,5543,89000,
seq_700_60,3517,85900,5493,81600,
seq_700_61,3496,247500,5518,140500,
seq_700_62,3487,99900,5456,103800,
seq_700_63,3505,74200,5483,72200,
seq_700_64,3464,99800,5448,100600,
seq_700_65,3510,79300,5494,79100,
seq_700_66,3494,78500,5478,76300,
seq_700_67,3502,88400,5466,107200,
seq_700_68,3485,91300,5526,88700,
seq_700_69,3510,73400,5570,73100,
seq_700_70,3485,79400,5468,71100,
seq_700_71,3472,73100,5447,68800,
seq_700_72,3510,73700,5487,71100,
seq_700_73,3450,109200,5485,100600,
seq_700_74,3473,77600,5520,81200,
seq_700_75,3504,82100,5507,164400,
seq_700_76,3481,94500,5535,91700,
seq_700_77,3485,99300,5484,81400,
seq_700_78,3501,73400,5482,72600,
seq_700_79,3455,74400,5460,83900,
seq_700_80,3483,83400,5532,71600,
seq_700_81,3453,94500,5481,83800,
seq_700_82,3511,83800,5407,72800,
seq_700_83,3502,75100,5532,75600,
seq_700_84,3488,74200,5491,71900,
seq_700_85,3486,80500,5471,89200,
seq_700_86,3470,92400,5516,84000,
seq_700_87,3471,78500,5488,70400,
seq_700_88,3495,73300,5474,71100,
seq_700_89,3481,74400,5463,70600,
seq_700_90,3479,73900,5492,77100,
seq_700_91,3506,129900,5576,90300,
seq_700_92,3514,86100,5528,77500,
seq_700_93,3503,94100,5485,82600,
seq_700_94,3455,96300,5595,79300,
seq_700_95,3498,150300,5472,102000,
seq_700_96,3503,91100,5554,111900,
seq_700_97,3482,78100,5529,78500,
seq_700_98,3454,92900,5502,74000,
seq_700_99,3499,100600,5437,88400,
seq_750_0,3775,111500,6017,97300,
seq_750_1,3781,100200,5927,103200,
seq_750_2,3777,165100,5903,156600,
seq_750_3,3783,101300,5978,103000,
seq_750_4,3777,84200,5956,85600,
seq_750_5,3748,125000,5995,102600,
seq_750_6,3812,99600,5901,93000,
seq_750_7,3801,161100,5948,144600,
seq_750_8,3773,151800,5941,269100,
seq_750_9,3812,99000,5947,94400,
seq_750_10,3799,95800,5962,88300,
seq_750_11,3770,97000,5906,89300,
seq_750_12,3777,97900,5924,90200,
seq_750_13,3788,95500,5909,89900,
seq_750_14,3782,86000,5978,86900,
seq_750_15,3790,220500,5974,265600,
seq_750_16,3782,108200,6007,111800,
seq_750_17,3791,89500,5961,96400,
seq_750_18,3791,109000,5946,97400,
seq_750_19,3781,95900,5934,97600,
seq_750_20,3799,96200,5895,84700,
seq_750_21,3784,148800,5870,80900,
seq_750_22,3752,99900,5976,92900,
seq_750_23,3791,174700,5944,157400,
seq_750_24,3791,96400,5927,91500,
seq_750_25,3755,102700,5983,87200,
seq_750_26,3783,101300,5971,98800,
seq_750_27,3780,77500,5959,82200,
seq_750_28,3791,77900,5950,69800,
seq_750_29,3778,110700,5943,89900,
seq_750_30,3759,95600,5986,109600,
seq_750_31,3775,172100,5974,159000,
seq_750_32,3783,97500,5871,89200,
seq_750_33,3784,104800,5917,98900,
seq_750_34,3755,98500,5930,94900,
seq_750_35,3776,78600,5873,70500,
seq_750_36,3800,104800,5910,107100,
seq_750_37,3769,226900,5951,109700,
seq_750_38,3776,109700,5903,96300,
seq_750_39,3747,101100,5891,96400,
seq_750_40,3798,107300,5950,84700,
seq_750_41,3762,98900,5932,97600,
seq_750_42,3758,79000,5946,71200,
seq_750_43,3795,96400,5917,90100,
seq_750_44,3777,82800,5959,84900,
seq_750_45,3760,109200,5937,88100,
seq_750_46,3771,100500,5921,89200,
seq_750_47,3768,102300,5937,91200,
seq_750_48,3787,97900,5985,89100,
seq_750_49,3780,77800,5920,72500,
seq_750_50,3791,75700,5940,78100,
seq_750_51,3759,85500,5967,82700,
seq_750_52,3797,98100,5938,78800,
seq_750_53,3765,96800,5912,84500,
seq_750_54,3778,111200,5963,97200,
seq_750_55,3766,88200,5905,226000,
seq_750_56,3794,131400,5951,82600,
seq_750_57,3803,78000,5901,87900,
seq_750_58,3777,140800,5920,84100,
seq_750_59,3795,121100,5914,80100,
seq_750_60,3805,95000,5974,85300,
seq_750_61,3787,93400,5971,83900,
seq_750_62,3759,87700,5955,80300,
seq_750_63,3792,120000,5867,77800,
seq_750_64,3768,80600,5923,76700,
seq_750_65,3745,81000,5990,78000,
seq_750_66,3780,88400,5928,85400,
seq_750_67,3787,78000,5896,76800,
seq_750_68,3750,87600,5909,82400,
seq_750_69,3819,93800,5904,83000,
seq_750_70,3767,95500,5968,86800,
seq_750_71,3774,78100,5925,90900,
seq_750_72,3775,83000,5957,193900,
seq_750_73,3778,77100,6003,81000,
seq_750_74,3744,80200,5924,73100,
seq_750_75,3792,78100,5846,72800,
seq_750_76,3778,81700,6044,87600,
seq_750_77,3783,81400,5950,85700,
seq_750_78,3769,82400,5915,72900,
seq_750_79,3795,78100,6022,77100,
seq_750_80,3777,243700,5952,128600,
seq_750_81,3787,134000,5958,115400,
seq_750_82,3776,149000,5992,76600,
seq_750_83,3766,81800,5929,75800,
seq_750_84,3788,95700,5958,94800,
seq_750_85,3796,91400,5875,76800,
seq_750_86,3769,108400,5974,77300,
seq_750_87,3794,94100,5947,80100,
seq_750_88,3790,84200,5960,78100,
seq_750_89,3766,77300,5911,84800,
seq_750_90,3798,80300,5929,85100,
seq_750_91,3810,78600,5948,78000,
seq_750_92,3777,78600,5964,82300,
seq_750_93,3771,101400,5918,140000,
seq_750_94,3760,98500,5937,81400,
seq_750_95,3770,77800,5896,86900,
seq_750_96,3808,81200,6037,77500,
seq_750_97,3789,147500,5876,115600,
seq_750_98,3756,101200,5965,95300,
seq_750_99,3774,104400,5917,84000,
seq_800_0,4081,92600,6434,92000,
seq_800_1,4062,134000,6441,85600,
seq_800_2,4093,95700,6396,103800,
seq_800_3,4087,172300,6409,99200,
seq_800_4,4082,163200,6318,108300,
seq_800_5,4067,108100,6381,115700,
seq_800_6,4092,160800,6414,144000,
seq_800_7,4093,320300,6421,146500,
seq_800_8,4073,247200,6380,182700,
seq_800_9,4077,129400,6306,171100,
seq_800_10,4093,83500,6329,94600,
seq_800_11,4078,161900,6457,84500,
seq_800_12,4079,93400,6329,89100,
seq_800_13,4057,95800,6383,90800,
seq_800_14,4065,106000,6399,92200,
seq_800_15,4099,102500,6400,106900,
seq_800_16,4090,177100,6458,129300,
seq_800_17,4062,99200,6384,93600,
seq_800_18,4077,94300,6396,88300,
seq_800_19,4069,92900,6375,89400,
seq_800_20,4101,162800,6304,97200,
seq_800_21,4088,99000,6439,95000,
seq_800_22,4036,95600,6448,86000,
seq_800_23,4084,93200,6443,94600,
seq_800_24,4052,89300,6295,96300,
seq_800_25,4070,220600,6459,115100,
seq_800_26,4085,105200,6307,92600,
seq_800_27,4075,92500,6396,93800,
seq_800_28,4086,280500,6286,163300,
seq_800_29,4088,102600,6321,93600,
seq_800_30,4077,191700,6402,102000,
seq_800_31,4090,98300,6444,85200,
seq_800_32,4082,101700,6407,91100,
seq_800_33,4067,101500,6420,96100,
seq_800_34,4095,105400,6406,84800,
seq_800_35,4055,225700,6365,175500,
seq_800_36,4086,97500,6375,84600,
seq_800_37,4087,83700,6356,86800,
seq_800_38,4110,97000,6389,90100,
seq_800_39,4063,104500,6431,89700,
seq_800_40,4063,98600,6335,107300,
seq_800_41,4026,83000,6361,93000,
seq_800_42,4092,83600,6336,87500,
seq_800_43,4084,90000,6341,91600,
seq_800_44,4061,93100,6388,83400,
seq_800_45,4121,89100,6451,101600,
seq_800_46,4054,95400,6416,99400,
seq_800_47,4068,89200,6403,82100,
seq_800_48,4072,89500,6382,92100,
seq_800_49,4095,102200,6394,97500,
seq_800_50,4061,87700,6491,86200,
seq_800_51,4089,93200,6439,83600,
seq_800_52,4105,88400,6343,91200,
seq_800_53,4068,84500,6339,79200,
seq_800_54,4089,102400,6396,88900,
seq_800_55,4073,100600,6357,97100,
seq_800_56,4050,107700,6327,92600,
seq_800_57,4087,88500,6434,104300,
seq_800_58,4068,299200,6448,91100,
seq_800_59,4075,99600,6388,110100,
seq_800_60,4071,109600,6368,105200,
seq_800_61,4074,97500,6373,85100,
seq_800_62,4063,105800,6400,85700,
seq_800_63,4105,91100,6412,87300,
seq_800_64,4100,99100,6377,99000,
seq_800_65,4096,96300,6369,82100,
seq_800_66,4073,86100,6488,87900,
seq_800_67,4060,99400,6340,98300,
seq_800_68,4065,87400,6512,85600,
seq_800_69,4081,88000,6357,82100,
seq_800_70,4060,104700,6465,88300,
seq_800_71,4085,92500,6356,87000,
seq_800_72,4070,96800,6336,86400,
seq_800_73,4094,90600,6419,96500,
seq_800_74,4095,92100,6347,98600,
seq_800_75,4077,90300,6410,98200,
seq_800_76,4070,91100,6395,86300,
seq_800_77,4055,87400,6383,91900,
seq_800_78,4092,89600,6409,84200,
seq_800_79,4082,115900,6439,113900,
seq_800_80,4091,165800,6391,134100,
seq_800_81,4073,118300,6377,108400,
seq_800_82,4054,104000,6424,103800,
seq_800_83,4055,108100,6373,92100,
seq_800_84,4099,126000,6375,106800,
seq_800_85,4070,116600,6338,105900,
seq_800_86,4073,126300,6374,119200,
seq_800_87,4068,110500,6404,104500,
seq_800_88,4107,92400,6422,104400,
seq_800_89,4094,99400,6427,88800,
seq_800_90,4062,106700,6334,99400,
seq_800_91,4068,130700,6412,120600,
seq_800_92,4060,106200,6416,109300,
seq_800_93,4083,91300,6361,90800,
seq_800_94,4085,121300,6436,108700,
seq_800_95,4060,114700,6342,129200,
seq_800_96,4091,103300,6463,99600,
seq_800_97,4080,132500,6362,115200,
seq_800_98,4043,195900,6394,185900,
seq_800_99,4069,110900,6366,103200,
seq_850_0,4373,107400,6915,94900,
seq_850_1,4382,105400,6821,96600,
seq_850_2,4368,128900,6903,114300,
seq_850_3,4403,170800,6830,107300,
seq_850_4,4376,95300,6844,93200,
seq_850_5,4376,134900,6865,166700,
seq_850_6,4388,100500,6866,107200,
seq_850_7,4378,117000,6811,106700,
seq_850_8,4357,115700,6873,112000,
seq_850_9,4373,94600,6894,91600,
seq_850_10,4371,127700,6867,110700,
seq_850_11,4383,98800,6791,94900,
seq_850_12,4357,139300,6854,122300,
seq_850_13,4352,100200,6834,104800,
seq_850_14,4365,95400,6920,103500,
seq_850_15,4359,157100,6857,162500,
seq_850_16,4377,94500,6773,93600,
seq_850_17,4382,120400,6837,117200,
seq_850_18,4377,95500,6853,92800,
seq_850_19,4356,123400,6894,121100,
seq_850_20,4359,127400,6876,119100,
seq_850_21,4401,95500,6803,117100,
seq_850_22,4353,113200,6812,104400,
seq_850_23,4373,209400,6861,171900,
seq_850_24,4375,104200,6691,86000,
seq_850_25,4386,93000,6857,87500,
seq_850_26,4386,126200,6844,112100,
seq_850_27,4385,93400,6877,83000,
seq_850_28,4377,114700,6807,107400,
seq_850_29,4381,199100,6787,174600,
seq_850_30,4363,110800,6810,105100,
seq_850_31,4394,101800,6804,97200,
seq_850_32,4376,102200,6834,87900,
seq_850_33,4396,105100,6878,88700,
seq_850_34,4361,105600,6880,93000,
seq_850_35,4383,91600,6962,98500,
seq_850_36,4379,90700,6855,87100,
seq_850_37,4338,90900,6828,90800,
seq_850_38,4357,89100,6880,79600,
seq_850_39,4380,94200,6793,86900,
seq_850_40,4368,96400,6886,83800,
seq_850_41,4388,99600,6865,90200,
seq_850_42,4392,104600,6878,95100,
seq_850_43,4388,118600,6851,128400,
seq_850_44,4380,89800,6771,78800,
seq_850_45,4350,89000,6879,81200,
seq_850_46,4365,96000,6810,79400,
seq_850_47,4384,99900,6842,85300,
seq_850_48,4351,97000,6830,102400,
seq_850_49,4357,94100,6857,80900,
seq_850_50,4383,97100,6863,81300,
seq_850_51,4363,89600,6833,84300,
seq_850_52,4363,89600,6843,87300,
seq_850_53,4359,117100,6837,113500,
seq_850_54,4347,85700,6883,94800,
seq_850_55,4364,86800,6809,90900,
seq_850_56,4360,87000,6777,84900,
seq_850_57,4373,86900,6893,83300,
seq_850_58,4382,86900,6795,91200,
seq_850_59,4366,88200,6892,84600,
seq_850_60,4381,86700,6814,82200,
seq_850_61,4361,94600,6912,93600,
seq_850_62,4408,197400,6854,175400,
seq_850_63,4374,103800,6832,94200,
seq_850_64,4398,160000,6763,91700,
seq_850_65,4378,106000,6882,95500,
seq_850_66,4330,100800,6797,89300,
seq_850_67,4369,110300,6829,214900,
seq_850_68,4347,248100,6796,172800,
seq_850_69,4375,133600,6835,113800,
seq_850_70,4371,124200,6862,109000,
seq_850_71,4405,106500,6770,83100,
seq_850_72,4366,91100,6870,95000,
seq_850_73,4391,102400,6818,92500,
seq_850_74,4377,103300,6839,117300,
seq_850_75,4358,88800,6893,87500,
seq_850_76,4402,193000,6842,175800,
seq_850_77,4353,108900,6817,114400,
seq_850_78,4369,213000,6879,104000,
seq_850_79,4378,89100,6854,91800,
seq_850_80,4368,88600,6827,79900,
seq_850_81,4403,105900,6829,100600,
seq_850_82,4385,92100,6779,88200,
seq_850_83,4367,118000,6857,115600,
seq_850_84,4394,119100,6916,122000,
seq_850_85,4396,93400,6852,84500,
seq_850_86,4359,97500,6888,110600,
seq_850_87,4355,89400,6826,80700,
seq_850_88,4389,147300,6872,103500,
seq_850_89,4367,92300,6930,85800,
seq_850_90,4378,184200,6735,161800,
seq_850_91,4343,110400,6830,108800,
seq_850_92,4374,103200,6889,94500,
seq_850_93,4350,103500,6834,102700,
seq_850_94,4367,100600,6847,91500,
seq_850_95,4369,94400,6872,92500,
seq_850_96,4362,213700,6866,176700,
seq_850_97,4377,104100,6793,99400,
seq_850_98,4376,92400,6858,96300,
seq_850_99,4336,94100,6822,104500,
seq_900_0,4668,95900,7348,89100,
seq_900_1,4644,106700,7291,100800,
seq_900_2,4650,243700,7269,114200,
seq_900_3,4701,154600,7322,175300,
seq_900_4,4653,118200,7319,101200,
seq_900_5,4660,115300,7167,101700,
seq_900_6,4705,100300,7333,90300,
seq_900_7,4659,120300,7247,94400,
seq_900_8,4674,98700,7318,98800,
seq_900_9,4691,96900,7301,95300,
seq_900_10,4670,214200,7306,275300,
seq_900_11,4643,118000,7322,143200,
seq_900_12,4694,97000,7383,90200,
seq_900_13,4653,146500,7335,117700,
seq_900_14,4664,104500,7323,96400,
seq_900_15,4691,120600,7180,97200,
seq_900_16,4670,97500,7375,89400,
seq_900_17,4657,315400,7365,278400,
seq_900_18,4669,114500,7336,107400,
seq_900_19,4697,107800,7295,90500,
seq_900_20,4635,96800,7243,86300,
seq_900_21,4682,97700,7347,85800,
seq_900_22,4646,109400,7328,97300,
seq_900_23,4698,107300,7325,91900,
seq_900_24,4705,95800,7217,89000,
seq_900_25,4642,94800,7302,83600,
seq_900_26,4639,94200,7281,83100,
seq_900_27,4690,95800,7324,85100,
seq_900_28,4690,95000,7325,82300,
seq_900_29,4670,215700,7347,86800,
seq_900_30,4683,109400,7252,96400,
seq_900_31,4649,106800,7290,87400,
seq_900_32,4688,98500,7250,84700,
seq_900_33,4664,93600,7321,83000,
seq_900_34,4706,97400,7283,83600,
seq_900_35,4685,95300,7301,85400,
seq_900_36,4676,94500,7325,87400,
seq_900_37,4660,120100,7335,93100,
seq_900_38,4644,121500,7269,88100,
seq_900_39,4640,97900,7322,86400,
seq_900_40,4679,97400,7363,101800,
seq_900_41,4667,96200,7288,84800,
seq_900_42,4671,95400,7398,83600,
seq_900_43,4699,95300,7305,81800,
seq_900_44,4678,94300,7331,83900,
seq_900_45,4630,96400,7304,82200,
seq_900_46,4671,94700,7348,84900,
seq_900_47,4694,100300,7317,101500,
seq_900_48,4645,92500,7278,81900,
seq_900_49,4675,94300,7346,86100,
seq_900_50,4672,99900,7289,86100,
seq_900_51,4712,99600,7307,90100,
seq_900_52,4655,122400,7300,96700,
seq_900_53,4694,107200,7373,89600,
seq_900_54,4706,98900,7291,83700,
seq_900_55,4647,104700,7356,85300,
seq_900_56,4661,123000,7288,91000,
seq_900_57,4662,98000,7263,93900,
seq_900_58,4695,99000,7330,88200,
seq_900_59,4658,99200,7228,86600,
seq_900_60,4651,93900,7375,86600,
seq_900_61,4656,96100,7309,82900,
seq_900_62,4641,94300,7275,86400,
seq_900_63,4659,95000,7322,82600,
seq_900_64,4687,103900,7290,88200,
seq_900_65,4671,102100,7326,84000,
seq_900_66,4664,101100,7220,84700,
seq_900_67,4667,100000,7294,82600,
seq_900_68,4666,95300,7243,237700,
seq_900_69,4683,116300,7422,102200,
seq_900_70,4674,131500,7282,136100,
seq_900_71,4675,110700,7342,99400,
seq_900_72,4661,105200,7307,92300,
seq_900_73,4679,111200,7325,93500,
seq_900_74,4678,104700,7322,90700,
seq_900_75,4660,111000,7362,106400,
seq_900_76,4689,192200,7293,131700,
seq_900_77,4658,146400,7322,132200,
seq_900_78,4686,117400,7389,100700,
seq_900_79,4687,163900,7261,235400,
seq_900_80,4668,177400,7246,113700,
seq_900_81,4681,119000,7377,164000,
seq_900_82,4654,120400,7272,118300,
seq_900_83,4707,227200,7371,181200,
seq_900_84,4655,314500,7332,136200,
seq_900_85,4670,120800,7278,109200,
seq_900_86,4680,114000,7300,101100,
seq_900_87,4657,99500,7265,86500,
seq_900_88,4695,101700,7314,90000,
seq_900_89,4662,276800,7350,173400,
seq_900_90,4677,129500,7307,120600,
seq_900_91,4699,97200,7309,97100,
seq_900_92,4698,96400,7301,83600,
seq_900_93,4679,114200,7290,117600,
seq_900_94,4674,97600,7388,85000,
seq_900_95,4709,119100,7274,92600,
seq_900_96,4669,238100,7212,151500,
seq_900_97,4681,122100,7324,110800,
seq_900_98,4673,104400,7370,94100,
seq_900_99,4683,108600,7317,108300,
seq_950_0,4974,121700,7853,126100,
seq_950_1,4981,102100,7773,119000,
seq_950_2,4945,121200,7800,108500,
seq_950_3,4988,263600,7734,166300,
seq_950_4,4997,132100,7700,128600,
seq_950_5,4976,123400,7788,97800,
seq_950_6,4997,121100,7819,95600,
seq_950_7,4975,104500,7773,100200,
seq_950_8,4950,187100,7826,111600,
seq_950_9,4980,145300,7740,127800,
seq_950_10,5008,142500,7736,125400,
seq_950_11,4973,129500,7777,114700,
seq_950_12,4948,103700,7763,90700,
seq_950_13,5012,103200,7802,88400,
seq_950_14,4974,112800,7790,150100,
seq_950_15,5007,106700,7788,103100,
seq_950_16,4945,218200,7757,177000,
seq_950_17,4945,114800,7638,141100,
seq_950_18,4952,127600,7775,125300,
seq_950_19,4938,221400,7718,207800,
seq_950_20,4983,206100,7700,249700,
seq_950_21,4990,221000,7743,202900,
seq_950_22,4990,140400,7845,150200,
seq_950_23,4946,106300,7800,139900,
seq_950_24,4964,112200,7839,113900,
seq_950_25,4984,111800,7808,108900,
seq_950_26,4973,123600,7771,133600,
seq_950_27,4923,215700,7729,139600,
seq_950_28,4982,165700,7703,140400,
seq_950_29,4947,159600,7828,205400,
seq_950_30,4999,218200,7860,142100,
seq_950_31,4957,118300,7786,108700,
seq_950_32,4940,238600,7828,179600,
seq_950_33,4930,225000,7725,197900,
seq_950_34,4964,148000,7853,153200,
seq_950_35,4995,155800,7727,145200,
seq_950_36,4944,231700,7819,216000,
seq_950_37,4984,163800,7850,163700,
seq_950_38,4983,142500,7751,141600,
seq_950_39,4961,157000,7738,140400,
seq_950_40,4943,123200,7764,109600,
seq_950_41,4933,281300,7691,211700,
seq_950_42,5002,163300,7729,207300,
seq_950_43,4960,155400,7769,146000,
seq_950_44,4975,195800,7710,156500,
seq_950_45,4950,255500,7838,198500,
seq_950_46,4992,178100,7851,219800,
seq_950_47,4958,167300,7834,155300,
seq_950_48,5005,155500,7752,129500,
seq_950_49,4991,130300,7846,121100,
seq_950_50,4976,161500,7792,165700,
seq_950_51,4978,160600,7752,155300,
seq_950_52,4946,148100,7744,129000,
seq_950_53,4966,116700,7729,126200,
seq_950_54,4950,114400,7795,106900,
seq_950_55,4972,147100,7777,130400,
seq_950_56,4958,112900,7733,128000,
seq_950_57,4982,112100,7741,105200,
seq_950_58,4925,125500,7765,121100,
seq_950_59,4979,123700,7762,130400,
seq_950_60,4976,140800,7755,136600,
seq_950_61,4968,126000,7780,109900,
seq_950_62,4949,158700,7707,128400,
seq_950_63,4975,170700,7802,235700,
seq_950_64,4985,146600,7683,140300,
seq_950_65,4994,150900,7689,142700,
seq_950_66,4961,114200,7764,103700,
seq_950_67,4964,152000,7703,115600,
seq_950_68,4975,106000,7713,106300,
seq_950_69,4973,186600,7796,142900,
seq_950_70,4979,131200,7797,138200,
seq_950_71,4956,123100,7844,121900,
seq_950_72,4957,113400,7805,90700,
seq_950_73,4969,126900,7814,109500,
seq_950_74,4970,151500,7823,164300,
seq_950_75,4945,103100,7735,110200,
seq_950_76,4934,121400,7825,140400,
seq_950_77,4971,124800,7721,116400,
seq_950_78,4973,145400,7806,104000,
seq_950_79,4982,115200,7744,103000,
seq_950_80,4955,297900,7721,110200,
seq_950_81,4959,185700,7779,101600,
seq_950_82,4963,285000,7709,306500,
seq_950_83,4974,238400,7693,102700,
seq_950_84,4987,101900,7811,96600,
seq_950_85,4957,190700,7816,112900,
seq_950_86,4983,105800,7612,101000,
seq_950_87,4941,104900,7800,101600,
seq_950_88,4967,128700,7815,110700,
seq_950_89,4975,122900,7723,102600,
seq_950_90,4977,110800,7711,99500,
seq_950_91,4978,125200,7729,110200,
seq_950_92,4970,181700,7800,111100,
seq_950_93,4962,111100,7766,100000,
seq_950_94,4945,112100,7780,98200,
seq_950_95,4948,119600,7735,124700,
seq_950_96,4955,115900,7728,116200,
seq_950_97,4961,115300,7811,121500,
seq_950_98,4988,121100,7760,99700,
seq_950_99,4990,132900,7804,119900,
seq_1000_0,5250,136500,8261,113500,
seq_1000_1,5285,148300,8232,108800,
seq_1000_2,5243,147100,8206,128900,
seq_1000_3,5283,143800,8203,116200,
seq_1000_4,5256,140300,8236,123900,
seq_1000_5,5243,125500,8250,100500,
seq_1000_6,5289,117900,8152,105000,
seq_1000_7,5277,138900,8251,124500,
seq_1000_8,5268,127300,8188,135500,
seq_1000_9,5286,116500,8289,109400,
seq_1000_10,5271,127800,8154,108500,
seq_1000_11,5276,127700,8197,105800,
seq_1000_12,5278,116700,8279,107900,
seq_1000_13,5278,126200,8273,137800,
seq_1000_14,5277,146100,8209,121300,
seq_1000_15,5235,123700,8200,116900,
seq_1000_16,5265,143500,8193,128600,
seq_1000_17,5292,117900,8263,129100,
seq_1000_18,5271,151900,8237,128600,
seq_1000_19,5268,150100,8170,125900,
seq_1000_20,5279,207000,8204,186100,
seq_1000_21,5255,142300,8202,133200,
seq_1000_22,5280,166800,8187,130100,
seq_1000_23,5252,126000,8230,119300,
seq_1000_24,5240,144700,8262,132600,
seq_1000_25,5250,157300,8228,145500,
seq_1000_26,5297,142100,8186,117500,
seq_1000_27,5271,260500,8205,111200,
seq_1000_28,5284,116000,8277,107900,
seq_1000_29,5259,130000,8205,105200,
seq_1000_30,5301,129800,8220,116900,
seq_1000_31,5266,165200,8210,116900,
seq_1000_32,5296,131500,8252,108000,
seq_1000_33,5259,110800,8151,93300,
seq_1000_34,5259,109500,8265,95100,
seq_1000_35,5280,131100,8206,108200,
seq_1000_36,5248,113900,8267,105900,
seq_1000_37,5286,113200,8223,98500,
seq_1000_38,5246,116100,8189,100200,
seq_1000_39,5297,193000,8223,138200,
seq_1000_40,5266,111300,8205,92900,
seq_1000_41,5266,118200,8297,105600,
seq_1000_42,5263,134900,8126,101100,
seq_1000_43,5278,110800,8273,97400,
seq_1000_44,5274,138700,8277,111300,
seq_1000_45,5253,135600,8233,242700,
seq_1000_46,5265,110900,8176,101400,
seq_1000_47,5262,114000,8138,103700,
seq_1000_48,5297,337600,8153,174500,
seq_1000_49,5256,119500,8273,115500,
seq_1000_50,5267,110000,8175,104000,
seq_1000_51,5241,138000,8340,115500,
seq_1000_52,5253,130800,8207,107500,
seq_1000_53,5254,115900,8183,92400,
seq_1000_54,5289,108800,8158,92500,
seq_1000_55,5274,107700,8205,99500,
seq_1000_56,5304,113600,8237,102300,
seq_1000_57,5285,114300,8217,106300,
seq_1000_58,5277,251100,8251,175300,
seq_1000_59,5256,125100,8247,106300,
seq_1000_60,5284,116900,8243,111000,
seq_1000_61,5244,111200,8192,95500,
seq_1000_62,5267,111000,8176,96400,
seq_1000_63,5275,108500,8227,92900,
seq_1000_64,5255,108200,8248,93700,
seq_1000_65,5265,151200,8244,116200,
seq_1000_66,5250,109200,8197,93500,
seq_1000_67,5283,129400,8200,95600,
seq_1000_68,5278,109000,8240,97400,
seq_1000_69,5262,108800,8268,92800,
seq_1000_70,5261,109300,8243,92400,
seq_1000_71,5274,124900,8250,92200,
seq_1000_72,5299,120400,8219,98200,
seq_1000_73,5240,191400,8129,112500,
seq_1000_74,5258,109200,8246,94500,
seq_1000_75,5265,125400,8262,110000,
seq_1000_76,5278,111500,8240,104200,
seq_1000_77,5274,108300,8244,96700,
seq_1000_78,5283,107600,8200,96200,
seq_1000_79,5287,132000,8246,119500,
seq_1000_80,5275,183900,8241,340300,
seq_1000_81,5296,203200,8208,163400,
seq_1000_82,5248,123700,8163,108000,
seq_1000_83,5275,114200,8236,102400,
seq_1000_84,5257,154800,8232,132900,
seq_1000_85,5230,141100,8198,137800,
seq_1000_86,5269,133100,8262,127100,
seq_1000_87,5282,145300,8237,122200,
seq_1000_88,5273,116300,8185,106000,
seq_1000_89,5250,112900,8161,105400,
seq_1000_90,5270,154300,8206,117500,
seq_1000_91,5252,155500,8243,135400,
seq_1000_92,5259,123700,8242,112400,
seq_1000_93,5286,113900,8192,104700,
seq_1000_94,5316,112700,8183,96400,
seq_1000_95,5254,147300,8167,133000,
seq_1000_96,5258,112100,8235,120300,
seq_1000_97,5260,139300,8182,105800,
seq_1000_98,5262,145000,8278,112800,
seq_1000_99,5295,111000,8224,98300,
seq_1050_0,5566,119700,8695,108300,
seq_1050_1,5551,144100,8646,114800,
seq_1050_2,5536,150900,8715,146600,
seq_1050_3,5602,120200,8712,122800,
seq_1050_4,5598,117900,8718,116500,
seq_1050_5,5576,147800,8740,163400,
seq_1050_6,5583,126600,8698,108300,
seq_1050_7,5570,118300,8634,119200,
seq_1050_8,5565,190200,8663,123500,
seq_1050_9,5562,121100,8647,108400,
seq_1050_10,5591,124000,8692,120300,
seq_1050_11,5584,141600,8688,123700,
seq_1050_12,5625,118000,8728,109400,
seq_1050_13,5590,129600,8680,102300,
seq_1050_14,5576,149000,8723,126100,
seq_1050_15,5624,140600,8680,174000,
seq_1050_16,5563,122100,8664,104700,
seq_1050_17,5577,150900,8662,131100,
seq_1050_18,5576,121500,8658,109600,
seq_1050_19,5568,206900,8688,179400,
seq_1050_20,5604,137400,8605,131000,
seq_1050_21,5568,148300,8691,110800,
seq_1050_22,5567,118400,8630,105400,
seq_1050_23,5586,137800,8686,191600,
seq_1050_24,5569,123100,8731,112300,
seq_1050_25,5597,123700,8698,107600,
seq_1050_26,5555,227700,8605,122300,
seq_1050_27,5603,123900,8664,117000,
seq_1050_28,5595,118400,8718,109800,
seq_1050_29,5577,167000,8698,124300,
seq_1050_30,5588,117300,8707,122900,
seq_1050_31,5554,115400,8672,99400,
seq_1050_32,5590,116200,8610,135500,
seq_1050_33,5579,147400,8676,139500,
seq_1050_34,5589,238300,8679,244100,
seq_1050_35,5574,143700,8763,123500,
seq_1050_36,5568,144900,8654,122400,
seq_1050_37,5611,116800,8665,104800,
seq_1050_38,5590,216100,8678,153700,
seq_1050_39,5586,134900,8671,118400,
seq_1050_40,5580,130900,8679,116400,
seq_1050_41,5575,180600,8655,128100,
seq_1050_42,5582,113200,8767,107600,
seq_1050_43,5559,114000,8598,105000,
seq_1050_44,5571,121700,8784,108400,
seq_1050_45,5550,132700,8629,102600,
seq_1050_46,5530,131000,8683,110500,
seq_1050_47,5569,126300,8691,104800,
seq_1050_48,5548,138300,8635,110600,
seq_1050_49,5576,116800,8698,105000,
seq_1050_50,5531,118100,8645,100900,
seq_1050_51,5593,132500,8660,119700,
seq_1050_52,5597,114400,8653,102700,
seq_1050_53,5573,115600,8750,119500,
seq_1050_54,5571,115900,8641,101900,
seq_1050_55,5569,131600,8768,127800,
seq_1050_56,5569,119400,8745,107700,
seq_1050_57,5572,125800,8734,121200,
seq_1050_58,5566,128000,8715,117800,
seq_1050_59,5546,149500,8692,121900,
seq_1050_60,5584,141400,8687,116600,
seq_1050_61,5591,269100,8648,268800,
seq_1050_62,5595,134300,8649,116700,
seq_1050_63,5564,121100,8726,105400,
seq_1050_64,5588,123800,8714,109700,
seq_1050_65,5578,151600,8868,127600,
seq_1050_66,5613,127600,8657,119300,
seq_1050_67,5579,260200,8725,195300,
seq_1050_68,5568,154400,8722,119700,
seq_1050_69,5610,225200,8657,218900,
seq_1050_70,5575,124500,8577,114300,
seq_1050_71,5591,123500,8805,111400,
seq_1050_72,5575,204000,8797,208800,
seq_1050_73,5604,162700,8734,131100,
seq_1050_74,5598,232600,8707,130000,
seq_1050_75,5586,137300,8694,133200,
seq_1050_76,5572,154900,8766,134800,
seq_1050_77,5582,127900,8656,113100,
seq_1050_78,5579,146300,8732,126600,
seq_1050_79,5573,191800,8719,126600,
seq_1050_80,5561,145400,8634,119400,
seq_1050_81,5581,149500,8704,115200,
seq_1050_82,5609,257000,8741,124700,
seq_1050_83,5572,123200,8676,107500,
seq_1050_84,5596,173700,8775,155900,
seq_1050_85,5554,137100,8632,117700,
seq_1050_86,5542,126000,8686,117300,
seq_1050_87,5580,128200,8712,114600,
seq_1050_88,5577,139700,8681,130200,
seq_1050_89,5573,162900,8630,120100,
seq_1050_90,5565,239300,8670,200300,
seq_1050_91,5604,152600,8757,112500,
seq_1050_92,5584,152100,8670,137000,
seq_1050_93,5556,123100,8684,114300,
seq_1050_94,5556,126200,8763,113300,
seq_1050_95,5577,127400,8616,112000,
seq_1050_96,5547,165500,8593,145500,
seq_1050_97,5560,135300,8791,129000,
seq_1050_98,5619,126800,8653,114600,
seq_1050_99,5544,128600,8707,129800,
seq_1100_0,5860,132600,9263,120600,
seq_1100_1,5880,150600,9052,132200,
seq_1100_2,5870,162000,9203,137400,
seq_1100_3,5848,166900,9141,155800,
seq_1100_4,5892,138800,9108,128600,
seq_1100_5,5855,142900,9118,125900,
seq_1100_6,5867,137200,9155,123600,
seq_1100_7,5881,175100,9243,148400,
seq_1100_8,5865,215000,9229,201400,
seq_1100_9,5880,137700,9174,127900,
seq_1100_10,5875,137300,9162,137700,
seq_1100_11,5881,136100,9222,123100,
seq_1100_12,5898,136600,9091,119000,
seq_1100_13,5830,139400,9034,124000,
seq_1100_14,5898,279800,9247,225000,
seq_1100_15,5870,138300,9178,114100,
seq_1100_16,5885,126700,9249,108300,
seq_1100_17,5832,126500,9177,110500,
seq_1100_18,5862,123800,9067,109800,
seq_1100_19,5820,204000,9189,191600,
seq_1100_20,5845,427600,9146,196500,
seq_1100_21,5855,249200,9198,274200,
seq_1100_22,5867,162200,9090,132200,
seq_1100_23,5868,128100,9202,112700,
seq_1100_24,5875,123000,9160,104900,
seq_1100_25,5869,160900,9114,122100,
seq_1100_26,5872,122000,9158,106400,
seq_1100_27,5854,121000,9174,103100,
seq_1100_28,5873,122600,9212,102300,
seq_1100_29,5892,141000,9050,111300,
seq_1100_30,5855,123500,9226,120200,
seq_1100_31,5878,121800,9123,102000,
seq_1100_32,5842,347800,9172,149100,
seq_1100_33,5898,122600,9189,108100,
seq_1100_34,5864,137900,9176,105200,
seq_1100_35,5854,149500,9160,142900,
seq_1100_36,5881,123700,9135,104900,
seq_1100_37,5878,123200,9144,104800,
seq_1100_38,5870,137300,9156,111000,
seq_1100_39,5911,148800,9139,116100,
seq_1100_40,5879,152800,9108,152600,
seq_1100_41,5877,213600,9202,184900,
seq_1100_42,5892,122000,9180,100500,
seq_1100_43,5904,134200,9119,111600,
seq_1100_44,5866,332100,9214,283000,
seq_1100_45,5893,158700,9230,136000,
seq_1100_46,5866,130700,9244,116500,
seq_1100_47,5875,125800,9162,112100,
seq_1100_48,5860,128100,9140,113400,
seq_1100_49,5869,130800,9175,106600,
seq_1100_50,5870,129500,9090,193300,
seq_1100_51,5871,122000,9177,104400,
seq_1100_52,5850,118500,9154,94100,
seq_1100_53,5918,121500,9228,97200,
seq_1100_54,5908,120900,9090,110200,
seq_1100_55,5850,119300,9194,110100,
seq_1100_56,5885,140800,9127,104300,
seq_1100_57,5891,191500,9113,168500,
seq_1100_58,5893,126000,9112,126300,
seq_1100_59,5867,124700,9220,99400,
seq_1100_60,5898,120100,9138,107300,
seq_1100_61,5909,119700,9286,110000,
seq_1100_62,5852,118000,9119,105100,
seq_1100_63,5845,119800,9187,109200,
seq_1100_64,5889,274900,9154,101400,
seq_1100_65,5852,119600,9137,110300,
seq_1100_66,5881,125600,9158,101900,
seq_1100_67,5863,143700,9117,100900,
seq_1100_68,5861,125000,9201,105800,
seq_1100_69,5880,120400,9142,103300,
seq_1100_70,5905,123100,9154,95400,
seq_1100_71,5863,146300,9123,136500,
seq_1100_72,5896,123300,9094,103900,
seq_1100_73,5871,125200,9139,108500,
seq_1100_74,5880,124900,9146,103100,
seq_1100_75,5869,122700,9185,106500,
seq_1100_76,5849,130700,9127,108800,
seq_1100_77,5888,129500,9040,108300,
seq_1100_78,5863,152800,9119,111400,
seq_1100_79,5938,261300,9214,111400,
seq_1100_80,5889,138700,9214,114500,
seq_1100_81,5846,127000,9154,103300,
seq_1100_82,5900,129300,9147,300400,
seq_1100_83,5887,127000,9181,106800,
seq_1100_84,5890,126800,9101,110500,
seq_1100_85,5867,153300,9186,115100,
seq_1100_86,5870,173900,9141,120000,
seq_1100_87,5897,135300,9180,133600,
seq_1100_88,5918,131100,9214,116000,
seq_1100_89,5866,140400,9117,353400,
seq_1100_90,5905,125400,9182,110300,
seq_1100_91,5869,141000,9245,119400,
seq_1100_92,5855,137800,9159,109600,
seq_1100_93,5882,129400,9079,119300,
seq_1100_94,5896,188900,9219,243600,
seq_1100_95,5880,219000,9179,169800,
seq_1100_96,5913,227200,9195,174500,
seq_1100_97,5866,140400,9191,171300,
seq_1100_98,5859,145400,9215,308800,
seq_1100_99,5878,146800,9257,126600,
seq_1150_0,6202,136300,9655,121900,
seq_1150_1,6177,134100,9743,116500,
seq_1150_2,6221,333900,9621,150100,
seq_1150_3,6197,139600,9606,115200,
seq_1150_4,6206,161600,9654,123800,
seq_1150_5,6169,164900,9585,118400,
seq_1150_6,6206,143100,9744,112400,
seq_1150_7,6188,132000,9626,110500,
seq_1150_8,6199,318900,9658,203600,
seq_1150_9,6201,143100,9641,121000,
seq_1150_10,6184,135200,9688,113000,
seq_1150_11,6201,153000,9596,132300,
seq_1150_12,6231,130500,9608,118300,
seq_1150_13,6180,139200,9536,117900,
seq_1150_14,6191,295600,9582,133700,
seq_1150_15,6190,131600,9566,131900,
seq_1150_16,6181,131100,9627,136200,
seq_1150_17,6179,155100,9792,153700,
seq_1150_18,6192,153300,9647,116700,
seq_1150_19,6165,192800,9582,162200,
seq_1150_20,6206,147000,9680,116000,
seq_1150_21,6195,135600,9621,113900,
seq_1150_22,6174,150800,9564,120000,
seq_1150_23,6191,133300,9571,119100,
seq_1150_24,6206,131000,9560,114200,
seq_1150_25,6197,159600,9530,136500,
seq_1150_26,6177,137500,9570,116200,
seq_1150_27,6223,137700,9538,114900,
seq_1150_28,6229,157500,9679,147500,
seq_1150_29,6207,167300,9620,113600,
seq_1150_30,6203,133100,9651,166500,
seq_1150_31,6186,161000,9730,137900,
seq_1150_32,6207,138300,9677,134100,
seq_1150_33,6207,140200,9596,113400,
seq_1150_34,6195,130600,9625,117900,
seq_1150_35,6200,133800,9650,125800,
seq_1150_36,6219,129300,9687,117900,
seq_1150_37,6211,141700,9622,127000,
seq_1150_38,6194,130700,9602,112000,
seq_1150_39,6167,130700,9624,110200,
seq_1150_40,6171,137500,9678,126900,
seq_1150_41,6183,136000,9744,116500,
seq_1150_42,6202,126800,9606,107700,
seq_1150_43,6224,206700,9678,147700,
seq_1150_44,6196,135200,9669,118900,
seq_1150_45,6185,145600,9680,124600,
seq_1150_46,6219,134300,9657,131700,
seq_1150_47,6222,150800,9631,134000,
seq_1150_48,6195,127100,9673,118600,
seq_1150_49,6183,179000,9525,448400,
seq_1150_50,6169,130600,9554,132900,
seq_1150_51,6188,130900,9714,143600,
seq_1150_52,6219,138500,9643,140100,
seq_1150_53,6193,145100,9685,124500,
seq_1150_54,6190,132600,9665,4722100,
seq_1150_55,6210,147100,9618,133000,
seq_1150_56,6178,133600,9626,135000,
seq_1150_57,6188,148700,9631,121000,
seq_1150_58,6224,659100,9517,176100,
seq_1150_59,6186,153500,9650,136700,
seq_1150_60,6196,134000,9563,122000,
seq_1150_61,6192,305600,9596,184600,
seq_1150_62,6220,135800,9664,138600,
seq_1150_63,6185,393100,9542,1048700,
seq_1150_64,6200,132300,9610,124900,
seq_1150_65,6193,129400,9655,125900,
seq_1150_66,6205,162100,9631,148200,
seq_1150_67,6210,140000,9726,123100,
seq_1150_68,6185,132100,9606,126200,
seq_1150_69,6208,132300,9626,139800,
seq_1150_70,6218,134700,9558,128600,
seq_1150_71,6190,147800,9617,123200,
seq_1150_72,6210,137600,9629,148300,
seq_1150_73,6193,150700,9748,112000,
seq_1150_74,6224,141700,9579,128000,
seq_1150_75,6234,193300,9586,157800,
seq_1150_76,6196,135600,9609,140700,
seq_1150_77,6181,130700,9597,129200,
seq_1150_78,6226,135500,9639,117800,
seq_1150_79,6158,132100,9692,117200,
seq_1150_80,6187,166100,9670,143400,
seq_1150_81,6204,135700,9520,110700,
seq_1150_82,6171,130800,9673,115500,
seq_1150_83,6191,187200,9742,146100,
seq_1150_84,6224,149400,9619,138100,
seq_1150_85,6209,137000,9558,485700,
seq_1150_86,6218,132100,9605,131800,
seq_1150_87,6188,128800,9585,126900,
seq_1150_88,6222,133600,9574,124100,
seq_1150_89,6183,139600,9725,118900,
seq_1150_90,6181,132600,9613,118500,
seq_1150_91,6183,145600,9554,119400,
seq_1150_92,6187,132400,9566,119800,
seq_1150_93,6223,134000,9597,112400,
seq_1150_94,6197,135100,9580,109100,
seq_1150_95,6199,126800,9584,113400,
seq_1150_96,6179,126200,9770,117800,
seq_1150_97,6184,131100,9586,145200,
seq_1150_98,6212,139900,9568,113900,
seq_1150_99,6188,134300,9646,115800,
seq_1200_0,6502,141800,10172,136800,
seq_1200_1,6548,139000,10168,115800,
seq_1200_2,6521,132600,10081,112600,
seq_1200_3,6537,181000,10046,124300,
seq_1200_4,6526,141400,10118,124400,
seq_1200_5,6492,140800,10137,123900,
seq_1200_6,6500,150100,10196,118700,
seq_1200_7,6508,143600,10104,120400,
seq_1200_8,6507,141900,10093,125400,
seq_1200_9,6504,148000,10080,102700,
seq_1200_10,6512,137800,10031,127500,
seq_1200_11,6503,143200,10129,173300,
seq_1200_12,6515,156000,10052,121100,
seq_1200_13,6498,136400,10180,114600,
seq_1200_14,6521,135000,10095,118800,
seq_1200_15,6499,153400,10068,122400,
seq_1200_16,6502,140700,10059,118400,
seq_1200_17,6506,141900,10144,117300,
seq_1200_18,6552,144000,10087,114500,
seq_1200_19,6490,136700,10049,109300,
seq_1200_20,6532,137500,10130,113200,
seq_1200_21,6525,137200,10172,118000,
seq_1200_22,6445,169400,10055,146200,
seq_1200_23,6502,143400,10061,123000,
seq_1200_24,6503,158200,10127,165000,
seq_1200_25,6520,133700,10036,116600,
seq_1200_26,6498,134800,10061,114900,
seq_1200_27,6503,206300,10070,142800,
seq_1200_28,6564,151900,10115,136600,
seq_1200_29,6501,143800,10126,128300,
seq_1200_30,6546,150100,10057,126900,
seq_1200_31,6503,152100,10025,124300,
seq_1200_32,6515,176600,10009,154200,
seq_1200_33,6516,166700,10052,139000,
seq_1200_34,6484,148400,10038,134700,
seq_1200_35,6527,153900,10096,133500,
seq_1200_36,6505,167600,10116,136200,
seq_1200_37,6521,166200,9942,129800,
seq_1200_38,6521,144300,10107,129300,
seq_1200_39,6521,176900,10031,135400,
seq_1200_40,6485,199300,10077,132300,
seq_1200_41,6514,149200,10069,131200,
seq_1200_42,6492,198700,10056,148200,
seq_1200_43,6532,374500,10100,386500,
seq_1200_44,6489,167300,10061,177600,
seq_1200_45,6535,228700,10037,150000,
seq_1200_46,6492,218100,10142,184900,
seq_1200_47,6538,244100,10093,121900,
seq_1200_48,6527,157500,10230,140500,
seq_1200_49,6529,179200,10081,181700,
seq_1200_50,6540,156200,10066,133100,
seq_1200_51,6532,150900,10042,135800,
seq_1200_52,6511,153900,10121,137100,
seq_1200_53,6561,152000,10111,171600,
seq_1200_54,6533,209400,10030,176500,
seq_1200_55,6512,217700,10109,183100,
seq_1200_56,6498,163500,10085,162800,
seq_1200_57,6499,163600,10033,138000,
seq_1200_58,6519,159800,10160,189200,
seq_1200_59,6533,322100,9990,243500,
seq_1200_60,6541,204000,10201,135100,
seq_1200_61,6483,161000,10139,168600,
seq_1200_62,6491,164100,10007,148100,
seq_1200_63,6510,202000,10101,135500,
seq_1200_64,6522,169700,10141,150900,
seq_1200_65,6501,179700,10069,209800,
seq_1200_66,6532,161000,10048,136000,
seq_1200_67,6516,148300,10102,137200,
seq_1200_68,6503,224700,10031,192300,
seq_1200_69,6516,173600,10108,157700,
seq_1200_70,6539,143300,10147,125300,
seq_1200_71,6484,151700,10021,130000,
seq_1200_72,6530,136700,10051,125600,
seq_1200_73,6484,157600,10082,145000,
seq_1200_74,6510,267600,9981,194700,
seq_1200_75,6517,197200,10027,179000,
seq_1200_76,6544,200400,10065,147200,
seq_1200_77,6517,196300,10207,136800,
seq_1200_78,6532,198300,10086,176200,
seq_1200_79,6523,136400,10085,135400,
seq_1200_80,6525,137200,10136,118000,
seq_1200_81,6525,148800,10104,121600,
seq_1200_82,6540,154100,10050,157600,
seq_1200_83,6515,472600,10060,209300,
seq_1200_84,6505,151100,10092,121800,
seq_1200_85,6519,235300,10211,233600,
seq_1200_86,6507,186600,9954,176500,
seq_1200_87,6508,228300,10124,163400,
seq_1200_88,6485,209900,10138,178400,
seq_1200_89,6544,273300,10130,212700,
seq_1200_90,6498,379200,10094,203400,
seq_1200_91,